{"nm":"OG_thumbsUP","mn":"","layers":[{"ty":0,"nm":"Pre-comp 1","mn":"","sr":1,"st":0,"op":100,"ip":2,"hd":false,"cl":"","ln":"","ddd":0,"bm":0,"hasMask":false,"ao":0,"ks":{"a":{"a":0,"k":[450,450,0],"ix":1},"s":{"a":0,"k":[100,100,100],"ix":6},"sk":{"a":0,"k":0},"p":{"a":0,"k":[450,450,0],"ix":2},"r":{"a":0,"k":0,"ix":10},"sa":{"a":0,"k":0},"o":{"a":0,"k":100,"ix":11}},"ef":[],"w":900,"h":900,"refId":"comp_0","ind":1},{"ty":0,"nm":"Pre-comp 1","mn":"","sr":1,"st":-98,"op":2.00000000000001,"ip":-98,"hd":false,"cl":"","ln":"","ddd":0,"bm":0,"hasMask":false,"ao":0,"ks":{"a":{"a":0,"k":[450,450,0],"ix":1},"s":{"a":0,"k":[100,100,100],"ix":6},"sk":{"a":0,"k":0},"p":{"a":0,"k":[450,450,0],"ix":2},"r":{"a":0,"k":0,"ix":10},"sa":{"a":0,"k":0},"o":{"a":0,"k":100,"ix":11}},"ef":[],"w":900,"h":900,"refId":"comp_0","ind":2}],"ddd":1,"h":900,"w":900,"meta":{"a":"","k":"","d":"","g":"@lottiefiles/toolkit-js 0.22.1","tc":"#000000"},"v":"5.7.4","fr":60,"op":100,"ip":0,"assets":[{"nm":"","mn":"","layers":[{"ty":3,"nm":"icons_CTRL","mn":"","sr":1,"st":0,"op":132.5,"ip":0,"hd":false,"cl":"","ln":"","ddd":1,"bm":0,"hasMask":false,"ao":0,"ks":{"a":{"a":0,"k":[50,50,0],"ix":1},"s":{"a":0,"k":[100,100,100],"ix":6},"sk":{"a":0,"k":0},"p":{"a":0,"k":[675.431,610.898,-4.666],"ix":2},"sa":{"a":0,"k":0},"o":{"a":0,"k":0,"ix":11},"rx":{"a":0,"k":-43,"ix":8},"ry":{"a":0,"k":30,"ix":9},"rz":{"a":0,"k":20,"ix":10},"or":{"a":0,"k":[358.393,359.491,0.988],"ix":7}},"ef":[],"ind":1},{"ty":3,"nm":"chari_CTRL","mn":"","sr":1,"st":0,"op":132.5,"ip":0,"hd":false,"cl":"","ln":"","ddd":0,"bm":0,"hasMask":false,"ao":0,"ks":{"a":{"a":0,"k":[50,50,0],"ix":1},"s":{"a":0,"k":[100,100,100],"ix":6},"sk":{"a":0,"k":0},"p":{"a":1,"k":[{"o":{"x":0.38,"y":0.38},"i":{"x":0.62,"y":0.62},"s":[234.598,574,0],"t":0,"ti":[0,0,0],"to":[0,0,0]},{"o":{"x":0.38,"y":0},"i":{"x":0.62,"y":1},"s":[234.598,574,0],"t":25,"ti":[3.167,0,0],"to":[-3.167,0,0]},{"o":{"x":0.167,"y":0.167},"i":{"x":0.833,"y":0.833},"s":[215.598,574,0],"t":45}],"ix":2},"r":{"a":0,"k":0,"ix":10},"sa":{"a":0,"k":0},"o":{"a":0,"k":0,"ix":11}},"ef":[],"ind":2},{"ty":3,"nm":"face_CTRL","mn":"","sr":1,"st":0,"op":132.5,"ip":0,"hd":false,"cl":"","ln":"","ddd":0,"bm":0,"hasMask":false,"ao":0,"ks":{"a":{"a":0,"k":[50,50,0],"ix":1},"s":{"a":1,"k":[{"o":{"x":0.167,"y":0.167},"i":{"x":0.833,"y":0.833},"s":[65.966,77.93,100],"t":0},{"o":{"x":0.167,"y":0.167},"i":{"x":0.833,"y":0.833},"s":[68.966,69.93,100],"t":10}],"ix":6},"sk":{"a":0,"k":0},"p":{"a":1,"k":[{"o":{"x":0.333,"y":0},"i":{"x":0.667,"y":0.529},"s":[61.848,51.995,0],"t":0,"ti":[0,0,0],"to":[0,0,0]},{"o":{"x":0.333,"y":0.446},"i":{"x":0.667,"y":1},"s":[56.18,50.358,0],"t":5,"ti":[0,0,0],"to":[0,0,0]},{"o":{"x":0.333,"y":0},"i":{"x":0.667,"y":1},"s":[50.839,53.558,0],"t":10,"ti":[0,0,0],"to":[0,0,0]},{"o":{"x":0.333,"y":0},"i":{"x":0.667,"y":1},"s":[50.488,50.387,0],"t":20,"ti":[0,0,0],"to":[0,0,0]},{"o":{"x":0.333,"y":0},"i":{"x":0.667,"y":1},"s":[50.839,53.558,0],"t":35,"ti":[0,0,0],"to":[0,0,0]},{"o":{"x":0.333,"y":0},"i":{"x":0.667,"y":1},"s":[50.899,50.004,0],"t":50,"ti":[0,0,0],"to":[0,0,0]},{"o":{"x":0.167,"y":0.167},"i":{"x":0.833,"y":0.833},"s":[50.839,53.558,0],"t":55}],"ix":2},"r":{"a":1,"k":[{"o":{"x":0.333,"y":0},"i":{"x":0.667,"y":1},"s":[0],"t":0},{"o":{"x":0.333,"y":0},"i":{"x":0.667,"y":1},"s":[0],"t":10},{"o":{"x":0.333,"y":0},"i":{"x":0.667,"y":1},"s":[0],"t":20},{"o":{"x":0.333,"y":0},"i":{"x":0.667,"y":1},"s":[0],"t":35},{"o":{"x":0.333,"y":0},"i":{"x":0.667,"y":1},"s":[0],"t":50},{"o":{"x":0.167,"y":0.167},"i":{"x":0.833,"y":0.833},"s":[0],"t":55}],"ix":10},"sa":{"a":0,"k":0},"o":{"a":0,"k":0,"ix":11}},"ef":[],"ind":3,"parent":4},{"ty":3,"nm":"head_CTRL","mn":"","sr":1,"st":0,"op":132.5,"ip":0,"hd":false,"cl":"","ln":"","ddd":0,"bm":0,"hasMask":false,"ao":0,"ks":{"a":{"a":0,"k":[38.103,92.832,0],"ix":1},"s":{"a":0,"k":[329.545,325,100],"ix":6},"sk":{"a":0,"k":0},"p":{"s":true,"x":{"a":1,"k":[{"o":{"x":0.167,"y":0.167},"i":{"x":0.833,"y":0.833},"s":[105.735],"t":0},{"o":{"x":0.167,"y":0.167},"i":{"x":0.833,"y":0.833},"s":[101.012],"t":10},{"o":{"x":0.167,"y":0.167},"i":{"x":0.833,"y":0.833},"s":[101.012],"t":20},{"o":{"x":0.167,"y":0.167},"i":{"x":0.833,"y":0.833},"s":[83.012],"t":35},{"o":{"x":0.167,"y":0.167},"i":{"x":0.833,"y":0.833},"s":[83.012],"t":50},{"o":{"x":0.167,"y":0.167},"i":{"x":0.833,"y":0.833},"s":[83.012],"t":55}],"ix":3},"y":{"a":1,"k":[{"o":{"x":0.167,"y":0.167},"i":{"x":0.833,"y":0.833},"s":[-88.137],"t":0},{"o":{"x":0.167,"y":0.167},"i":{"x":0.833,"y":0.833},"s":[-88.137],"t":10},{"o":{"x":0.167,"y":0.167},"i":{"x":0.833,"y":0.833},"s":[-88.137],"t":20},{"o":{"x":0.167,"y":0.167},"i":{"x":0.833,"y":0.833},"s":[-88.137],"t":35},{"o":{"x":0.167,"y":0.167},"i":{"x":0.833,"y":0.833},"s":[-88.137],"t":50},{"o":{"x":0.167,"y":0.167},"i":{"x":0.833,"y":0.833},"s":[-88.137],"t":55}],"ix":4}},"r":{"a":1,"k":[{"o":{"x":0.333,"y":0},"i":{"x":0.667,"y":1},"s":[0],"t":0},{"o":{"x":0.333,"y":0},"i":{"x":0.667,"y":1},"s":[-2],"t":10},{"o":{"x":0.333,"y":0},"i":{"x":0.163,"y":1.341},"s":[0],"t":20},{"o":{"x":0.787,"y":0.321},"i":{"x":0.18,"y":1},"s":[20.176],"t":35},{"o":{"x":0.82,"y":0},"i":{"x":0.667,"y":1},"s":[0],"t":50},{"o":{"x":0.167,"y":0.167},"i":{"x":0.833,"y":0.833},"s":[6],"t":60}],"ix":10},"sa":{"a":0,"k":0},"o":{"a":0,"k":0,"ix":11}},"ef":[],"ind":4,"parent":5},{"ty":3,"nm":"neck_CTRL","mn":"","sr":1,"st":0,"op":132.5,"ip":0,"hd":false,"cl":"","ln":"","ddd":0,"bm":0,"hasMask":false,"ao":0,"ks":{"a":{"a":0,"k":[50,50,0],"ix":1},"s":{"a":0,"k":[44,44,100],"ix":6},"sk":{"a":0,"k":0},"p":{"a":1,"k":[{"o":{"x":0.333,"y":0.333},"i":{"x":0.667,"y":0.667},"s":[120.851,-186.588,0],"t":0,"ti":[0,0,0],"to":[0,0,0]},{"o":{"x":0.333,"y":0},"i":{"x":0.667,"y":1},"s":[120.851,-186.588,0],"t":10,"ti":[0,0,0],"to":[0,0,0]},{"o":{"x":0.333,"y":0},"i":{"x":0.667,"y":1},"s":[120.851,-186.588,0],"t":20,"ti":[0,0,0],"to":[0,0,0]},{"o":{"x":0.333,"y":0.333},"i":{"x":0.667,"y":0.667},"s":[120.851,-186.588,0],"t":35,"ti":[0,0,0],"to":[0,0,0]},{"o":{"x":0.333,"y":0.333},"i":{"x":0.667,"y":0.667},"s":[120.851,-186.588,0],"t":50,"ti":[0,0,0],"to":[0,0,0]},{"o":{"x":0.167,"y":0.167},"i":{"x":0.833,"y":0.833},"s":[120.851,-186.588,0],"t":55}],"ix":2},"r":{"a":1,"k":[{"o":{"x":0.333,"y":0},"i":{"x":0.667,"y":1},"s":[0],"t":0},{"o":{"x":0.333,"y":0},"i":{"x":0.667,"y":1},"s":[12],"t":10},{"o":{"x":0.333,"y":0},"i":{"x":0.18,"y":1},"s":[12],"t":20},{"o":{"x":0.82,"y":0},"i":{"x":0.18,"y":1},"s":[-8],"t":35},{"o":{"x":0.82,"y":0},"i":{"x":0.667,"y":1},"s":[0],"t":50},{"o":{"x":0.167,"y":0.167},"i":{"x":0.833,"y":0.833},"s":[0],"t":55}],"ix":10},"sa":{"a":0,"k":0},"o":{"a":0,"k":0,"ix":11}},"ef":[],"ind":5,"parent":9},{"ty":3,"nm":"R_lowerArm_CTRL","mn":"","sr":1,"st":0,"op":132.5,"ip":0,"hd":false,"cl":"","ln":"","ddd":0,"bm":0,"hasMask":false,"ao":0,"ks":{"a":{"a":0,"k":[50,50,0],"ix":1},"s":{"a":1,"k":[{"o":{"x":0.333,"y":0},"i":{"x":0.667,"y":1},"s":[39,17,100],"t":0},{"o":{"x":0.333,"y":0},"i":{"x":0.667,"y":1},"s":[39,26.5,100],"t":10},{"o":{"x":0.333,"y":0},"i":{"x":0.667,"y":1},"s":[39,33.278,100],"t":20},{"o":{"x":0.333,"y":0},"i":{"x":0.667,"y":1},"s":[39,39,100],"t":35},{"o":{"x":0.167,"y":0.167},"i":{"x":0.833,"y":0.833},"s":[39,39,100],"t":55}],"ix":6},"sk":{"a":0,"k":0},"p":{"a":1,"k":[{"o":{"x":0.333,"y":0},"i":{"x":0.667,"y":1},"s":[132.844,225.314,0],"t":0,"ti":[0,0,0],"to":[0,0,0]},{"o":{"x":0.333,"y":0},"i":{"x":0.667,"y":1},"s":[129.25,223.75,0],"t":10,"ti":[0,0,0],"to":[0,0,0]},{"o":{"x":0.333,"y":0},"i":{"x":0.667,"y":1},"s":[128.993,227.812,0],"t":20,"ti":[0,0,0],"to":[0,0,0]},{"o":{"x":0.333,"y":0.333},"i":{"x":0.667,"y":0.667},"s":[129.25,223.75,0],"t":35,"ti":[0,0,0],"to":[0,0,0]},{"o":{"x":0.333,"y":0.333},"i":{"x":0.667,"y":0.667},"s":[129.25,223.75,0],"t":50,"ti":[0,0,0],"to":[0,0,0]},{"o":{"x":0.167,"y":0.167},"i":{"x":0.833,"y":0.833},"s":[129.25,223.75,0],"t":55}],"ix":2},"r":{"a":1,"k":[{"o":{"x":0.333,"y":0},"i":{"x":0.667,"y":1},"s":[-39.055],"t":0},{"o":{"x":0.333,"y":0},"i":{"x":0.667,"y":1},"s":[-16],"t":10},{"o":{"x":0.333,"y":0},"i":{"x":0.667,"y":1},"s":[-6],"t":20},{"o":{"x":0.333,"y":0},"i":{"x":0.667,"y":1},"s":[8],"t":35},{"o":{"x":0.333,"y":0},"i":{"x":0.667,"y":1},"s":[0],"t":50},{"o":{"x":0.333,"y":0},"i":{"x":0.599,"y":-12.362},"s":[0],"t":55},{"o":{"x":0.167,"y":0.167},"i":{"x":0.833,"y":0.833},"s":[-0.04],"t":85}],"ix":10},"sa":{"a":0,"k":0},"o":{"a":0,"k":0,"ix":11}},"ef":[],"ind":6,"parent":7},{"ty":3,"nm":"R_upperArm_CTRL","mn":"","sr":1,"st":0,"op":132.5,"ip":0,"hd":false,"cl":"","ln":"","ddd":0,"bm":0,"hasMask":false,"ao":0,"ks":{"a":{"a":0,"k":[50,50,0],"ix":1},"s":{"a":0,"k":[100,100,100],"ix":6},"sk":{"a":0,"k":0},"p":{"a":1,"k":[{"o":{"x":0.333,"y":0},"i":{"x":0.667,"y":1},"s":[171.391,-137.171,0],"t":0,"ti":[0,0,0],"to":[0,0,0]},{"o":{"x":0.333,"y":0},"i":{"x":0.667,"y":1},"s":[171.02,-137.934,0],"t":10,"ti":[0,0,0],"to":[0,0,0]},{"o":{"x":0.333,"y":0},"i":{"x":0.667,"y":1},"s":[174.05,-133.772,0],"t":20,"ti":[0,0,0],"to":[0,0,0]},{"o":{"x":0.333,"y":0.333},"i":{"x":0.667,"y":0.667},"s":[168.356,-139.118,0],"t":35,"ti":[0,0,0],"to":[0,0,0]},{"o":{"x":0.333,"y":0.333},"i":{"x":0.667,"y":0.667},"s":[168.356,-139.118,0],"t":50,"ti":[0,0,0],"to":[0,0,0]},{"o":{"x":0.167,"y":0.167},"i":{"x":0.833,"y":0.833},"s":[168.356,-139.118,0],"t":55}],"ix":2},"r":{"a":1,"k":[{"o":{"x":0.333,"y":0},"i":{"x":0.667,"y":1},"s":[15],"t":0},{"o":{"x":0.333,"y":0},"i":{"x":0.667,"y":1},"s":[12],"t":10},{"o":{"x":0.333,"y":0},"i":{"x":0.667,"y":1},"s":[6],"t":20},{"o":{"x":0.333,"y":0},"i":{"x":0.667,"y":1},"s":[0],"t":35},{"o":{"x":0.333,"y":0},"i":{"x":0.667,"y":1},"s":[0],"t":50},{"o":{"x":0.167,"y":0.167},"i":{"x":0.833,"y":0.833},"s":[0],"t":55}],"ix":10},"sa":{"a":0,"k":0},"o":{"a":0,"k":0,"ix":11}},"ef":[],"ind":7,"parent":9},{"ty":3,"nm":"R_hand_CTRL","mn":"","sr":1,"st":0,"op":132.5,"ip":0,"hd":false,"cl":"","ln":"","ddd":0,"bm":0,"hasMask":false,"ao":0,"ks":{"a":{"a":0,"k":[50,50,0],"ix":1},"s":{"a":1,"k":[{"o":{"x":0.333,"y":0},"i":{"x":0.667,"y":1},"s":[29.923,76.923,100],"t":0},{"o":{"x":0.333,"y":0},"i":{"x":0.667,"y":1},"s":[76.923,76.923,100],"t":10},{"o":{"x":0.167,"y":0.167},"i":{"x":0.833,"y":0.833},"s":[76.923,76.923,100],"t":55}],"ix":6},"sk":{"a":0,"k":0},"p":{"a":1,"k":[{"o":{"x":0.333,"y":0},"i":{"x":0.667,"y":1},"s":[188.579,-367.539,0],"t":0,"ti":[0,0,0],"to":[0,0,0]},{"o":{"x":0.333,"y":0},"i":{"x":0.667,"y":1},"s":[171.441,-340.969,0],"t":10,"ti":[0,0,0],"to":[0,0,0]},{"o":{"x":0.333,"y":0},"i":{"x":0.667,"y":1},"s":[130.471,-249.775,0],"t":20,"ti":[0,0,0],"to":[0,0,0]},{"o":{"x":0.333,"y":0.333},"i":{"x":0.667,"y":0.667},"s":[188.579,-367.539,0],"t":35,"ti":[0,0,0],"to":[0,0,0]},{"o":{"x":0.333,"y":0.333},"i":{"x":0.667,"y":0.667},"s":[188.579,-367.539,0],"t":50,"ti":[0,0,0],"to":[0,0,0]},{"o":{"x":0.167,"y":0.167},"i":{"x":0.833,"y":0.833},"s":[188.579,-367.539,0],"t":55}],"ix":2},"r":{"a":1,"k":[{"o":{"x":0.333,"y":0},"i":{"x":0.667,"y":1},"s":[-6],"t":0},{"o":{"x":0.333,"y":0},"i":{"x":0.667,"y":1},"s":[-6],"t":10},{"o":{"x":0.333,"y":0},"i":{"x":0.667,"y":1},"s":[-18],"t":20},{"o":{"x":0.333,"y":0},"i":{"x":0.667,"y":1},"s":[-19],"t":35},{"o":{"x":0.333,"y":0},"i":{"x":0.667,"y":1},"s":[-6],"t":50},{"o":{"x":0.167,"y":0.167},"i":{"x":0.833,"y":0.833},"s":[-6],"t":55}],"ix":10},"sa":{"a":0,"k":0},"o":{"a":0,"k":0,"ix":11}},"ef":[],"ind":8,"parent":6},{"ty":3,"nm":"body_CTRL","mn":"","sr":1,"st":0,"op":132.5,"ip":0,"hd":false,"cl":"","ln":"","ddd":0,"bm":0,"hasMask":false,"ao":0,"ks":{"a":{"a":0,"k":[50,50,0],"ix":1},"s":{"a":1,"k":[{"o":{"x":0.82,"y":0},"i":{"x":0.18,"y":1},"s":[100,102,100],"t":0},{"o":{"x":0.82,"y":0},"i":{"x":0.18,"y":1},"s":[100,100,100],"t":10},{"o":{"x":0.82,"y":0},"i":{"x":0.18,"y":1},"s":[100,106,100],"t":35},{"o":{"x":0.82,"y":0},"i":{"x":0.833,"y":1},"s":[100,98,100],"t":55},{"o":{"x":0.167,"y":0.167},"i":{"x":0.833,"y":0.833},"s":[100,102,100],"t":65}],"ix":6},"sk":{"a":0,"k":0},"p":{"s":true,"x":{"a":1,"k":[{"o":{"x":0.77,"y":0},"i":{"x":0.23,"y":1},"s":[323.394],"t":0},{"o":{"x":0.77,"y":0},"i":{"x":0.833,"y":0.833},"s":[297.394],"t":10},{"o":{"x":0.167,"y":0.167},"i":{"x":0.833,"y":0.833},"s":[297.394],"t":20},{"o":{"x":0.167,"y":0.167},"i":{"x":0.833,"y":0.833},"s":[297.394],"t":35},{"o":{"x":0.167,"y":0.167},"i":{"x":0.833,"y":0.833},"s":[297.394],"t":50},{"o":{"x":0.167,"y":0.167},"i":{"x":0.833,"y":0.833},"s":[297.394],"t":55}],"ix":3},"y":{"a":1,"k":[{"o":{"x":0.76,"y":0},"i":{"x":0.24,"y":1},"s":[675.618],"t":0},{"o":{"x":0.76,"y":0},"i":{"x":0.488,"y":0.462},"s":[668.182],"t":17.5},{"o":{"x":0.539,"y":-12.196},"i":{"x":0.833,"y":0.833},"s":[675.618],"t":35},{"o":{"x":0.167,"y":0.167},"i":{"x":0.833,"y":0.833},"s":[675.027],"t":65}],"ix":4}},"r":{"a":1,"k":[{"o":{"x":0.83,"y":0},"i":{"x":0.17,"y":1},"s":[1],"t":0},{"o":{"x":0.432,"y":0.413},"i":{"x":0.718,"y":1.335},"s":[7],"t":10},{"o":{"x":0.579,"y":-0.038},"i":{"x":0.16,"y":1},"s":[7],"t":20},{"o":{"x":0.84,"y":0},"i":{"x":0.667,"y":1},"s":[-4],"t":35},{"o":{"x":0.333,"y":0},"i":{"x":0.689,"y":1.422},"s":[-1],"t":50},{"o":{"x":0.117,"y":-0.011},"i":{"x":0.645,"y":1.248},"s":[1],"t":55},{"o":{"x":0.167,"y":0.167},"i":{"x":0.833,"y":0.833},"s":[1],"t":85}],"ix":10},"sa":{"a":0,"k":0},"o":{"a":0,"k":0,"ix":11}},"ef":[],"ind":9},{"ty":4,"nm":"chairRest","mn":"","sr":1,"st":0,"op":132.5,"ip":0,"hd":false,"cl":"","ln":"","ddd":0,"bm":0,"hasMask":false,"ao":0,"ks":{"a":{"a":0,"k":[0,0,0],"ix":1},"s":{"a":1,"k":[{"o":{"x":0.77,"y":0},"i":{"x":0.23,"y":1},"s":[100,100,100],"t":8.928},{"o":{"x":0.167,"y":0},"i":{"x":0.833,"y":1},"s":[88,100,100],"t":31.428},{"o":{"x":0.167,"y":0},"i":{"x":0.833,"y":1},"s":[88,100,100],"t":33.928},{"o":{"x":0.167,"y":0.167},"i":{"x":0.833,"y":0.833},"s":[100,100,100],"t":45.177734375}],"ix":6},"sk":{"a":0,"k":0},"p":{"s":true,"x":{"a":1,"k":[{"o":{"x":0.77,"y":0},"i":{"x":0.23,"y":1},"s":[40.77],"t":2.5},{"o":{"x":0.77,"y":0},"i":{"x":0.23,"y":1},"s":[40.77],"t":25},{"o":{"x":0.77,"y":0},"i":{"x":0.23,"y":0.981},"s":[17.77],"t":33.928},{"o":{"x":0.455,"y":-0.031},"i":{"x":0.23,"y":1},"s":[46.312],"t":52.5},{"o":{"x":0.77,"y":0},"i":{"x":0.833,"y":1},"s":[40.77],"t":62.5},{"o":{"x":0.167,"y":0.167},"i":{"x":0.833,"y":0.833},"s":[40.179],"t":87.5}],"ix":3},"y":{"a":1,"k":[{"o":{"x":0.167,"y":0.167},"i":{"x":0.833,"y":0.833},"s":[-128.529],"t":2.5},{"o":{"x":0.167,"y":0.167},"i":{"x":0.833,"y":0.833},"s":[-128.529],"t":25},{"o":{"x":0.167,"y":0.167},"i":{"x":0.833,"y":0.833},"s":[-128.529],"t":33.928},{"o":{"x":0.167,"y":0.167},"i":{"x":0.833,"y":0.833},"s":[-128.529],"t":52.5},{"o":{"x":0.167,"y":0.167},"i":{"x":0.833,"y":0.833},"s":[-128.529],"t":60}],"ix":4}},"r":{"a":0,"k":0,"ix":10},"sa":{"a":0,"k":0},"o":{"a":0,"k":100,"ix":11}},"ef":[],"shapes":[{"ty":"gr","bm":0,"cl":"","ln":"","hd":false,"mn":"ADBE Vector Group","nm":"Group 1","ix":1,"cix":2,"np":2,"it":[{"ty":"sh","bm":0,"cl":"","ln":"","hd":false,"mn":"ADBE Vector Shape - Group","nm":"Path 1","ix":1,"d":1,"ks":{"a":0,"k":{"c":true,"i":[[0,0],[-19.512,1.841],[0,-15.094],[11.044,-2.577],[16.689,2.945],[0.982,8.836],[-1.473,13.499]],"o":[[0,0],[19.512,-1.841],[0,15.094],[-31.047,5.4],[-14.235,-2.454],[-0.982,-8.836],[1.473,-13.499]],"v":[[-37.073,-34.205],[34.347,-43.286],[61.958,-23.038],[39.133,40.652],[-41.491,39.916],[-60.88,18.318],[-61.126,-19.479]]},"ix":2}},{"ty":"fl","bm":0,"cl":"","ln":"","hd":false,"mn":"ADBE Vector Graphic - Fill","nm":"Fill 1","c":{"a":0,"k":[0,0,0],"ix":4},"r":1,"o":{"a":0,"k":100,"ix":5}},{"ty":"tr","a":{"a":0,"k":[0,0],"ix":1},"s":{"a":0,"k":[100,100],"ix":3},"sk":{"a":0,"k":0,"ix":4},"p":{"a":0,"k":[0,0],"ix":2},"r":{"a":0,"k":0,"ix":6},"sa":{"a":0,"k":0,"ix":5},"o":{"a":0,"k":100,"ix":7}}]}],"ind":10,"parent":2},{"ty":4,"nm":"chairBase","mn":"","sr":1,"st":0,"op":132.5,"ip":0,"hd":false,"cl":"","ln":"","ddd":0,"bm":0,"hasMask":false,"ao":0,"ks":{"a":{"a":0,"k":[0,0,0],"ix":1},"s":{"a":1,"k":[{"o":{"x":0.77,"y":0},"i":{"x":0.23,"y":1},"s":[100,100,100],"t":8.928},{"o":{"x":0.167,"y":0},"i":{"x":0.833,"y":1},"s":[88,100,100],"t":25},{"o":{"x":0.167,"y":0.167},"i":{"x":0.833,"y":0.833},"s":[100,100,100],"t":38.75}],"ix":6},"sk":{"a":0,"k":0},"p":{"s":true,"x":{"a":1,"k":[{"o":{"x":0.77,"y":0},"i":{"x":0.23,"y":1},"s":[50],"t":2.5},{"o":{"x":0.77,"y":0},"i":{"x":0.23,"y":1},"s":[50],"t":12.145},{"o":{"x":0.886,"y":0},"i":{"x":0.472,"y":0.81},"s":[27],"t":17.5},{"o":{"x":0.253,"y":-0.419},"i":{"x":0.577,"y":1},"s":[51.787],"t":47.5},{"o":{"x":0.77,"y":0},"i":{"x":0.833,"y":1},"s":[50],"t":57.5},{"o":{"x":0.167,"y":0.167},"i":{"x":0.833,"y":0.833},"s":[49.404],"t":87.5}],"ix":3},"y":{"a":1,"k":[{"o":{"x":0.167,"y":0.167},"i":{"x":0.833,"y":0.833},"s":[84.461],"t":2.5},{"o":{"x":0.167,"y":0.167},"i":{"x":0.833,"y":0.833},"s":[84.461],"t":12.145},{"o":{"x":0.167,"y":0.167},"i":{"x":0.833,"y":0.833},"s":[84.461],"t":17.5},{"o":{"x":0.167,"y":0.167},"i":{"x":0.833,"y":0.833},"s":[84.461],"t":57.5}],"ix":4}},"r":{"a":0,"k":0,"ix":10},"sa":{"a":0,"k":0},"o":{"a":0,"k":100,"ix":11}},"ef":[],"shapes":[{"ty":"gr","bm":0,"cl":"","ln":"","hd":false,"mn":"ADBE Vector Group","nm":"Group 1","ix":1,"cix":2,"np":2,"it":[{"ty":"sh","bm":0,"cl":"","ln":"","hd":false,"mn":"ADBE Vector Shape - Group","nm":"Path 1","ix":1,"d":1,"ks":{"a":0,"k":{"c":true,"i":[[-15.594,-3.791],[-17.254,0.126],[-17.923,4.995],[3.2,15.47],[12.762,26.507],[15.953,2.945],[25.4,0.713],[3.549,-15.109],[10.308,-92.773]],"o":[[37.796,5.89],[17.254,-0.126],[17.366,-4.84],[-15.708,-100.627],[-3.405,-8.397],[-15.953,-2.945],[-17.394,-0.489],[-12.762,71.175],[-1.239,14.357]],"v":[[-85.573,145.251],[22.172,151.264],[87.334,147.582],[101.937,106.473],[67.577,-125.215],[43.893,-149.512],[-35.627,-151.353],[-68.883,-120.797],[-103.244,123.653]]},"ix":2}},{"ty":"fl","bm":0,"cl":"","ln":"","hd":false,"mn":"ADBE Vector Graphic - Fill","nm":"Fill 1","c":{"a":0,"k":[0,0,0],"ix":4},"r":1,"o":{"a":0,"k":100,"ix":5}},{"ty":"tr","a":{"a":0,"k":[0,0],"ix":1},"s":{"a":0,"k":[100,100],"ix":3},"sk":{"a":0,"k":0,"ix":4},"p":{"a":0,"k":[0,0],"ix":2},"r":{"a":0,"k":0,"ix":6},"sa":{"a":0,"k":0,"ix":5},"o":{"a":0,"k":100,"ix":7}}]}],"ind":11,"parent":2},{"ty":4,"nm":"check","mn":"","sr":1,"st":0,"op":132.5,"ip":0,"hd":false,"cl":"","ln":"","ddd":0,"bm":0,"hasMask":false,"ao":0,"ks":{"a":{"a":0,"k":[0,0,0],"ix":1},"s":{"a":0,"k":[100,100,100],"ix":6},"sk":{"a":0,"k":0},"p":{"a":0,"k":[-2.65,4.123,0],"ix":2},"r":{"a":0,"k":0,"ix":10},"sa":{"a":0,"k":0},"o":{"a":0,"k":100,"ix":11}},"ef":[],"shapes":[{"ty":"gr","bm":0,"cl":"","ln":"","hd":false,"mn":"ADBE Vector Group","nm":"Group 1","ix":1,"cix":2,"np":3,"it":[{"ty":"sh","bm":0,"cl":"","ln":"","hd":false,"mn":"ADBE Vector Shape - Group","nm":"Path 1","ix":1,"d":1,"ks":{"a":0,"k":{"c":false,"i":[[0,0],[0,0],[0,0]],"o":[[0,0],[0,0],[0,0]],"v":[[-45.644,0.883],[-17.374,33.276],[45.644,-33.276]]},"ix":2}},{"ty":"tm","bm":0,"cl":"","ln":"","hd":false,"mn":"ADBE Vector Filter - Trim","nm":"Trim Paths 1","ix":2,"e":{"a":1,"k":[{"o":{"x":1,"y":0},"i":{"x":0,"y":1},"s":[0],"t":10},{"o":{"x":0.167,"y":0.167},"i":{"x":0.833,"y":0.833},"s":[100],"t":25}],"ix":2},"o":{"a":0,"k":0,"ix":3},"s":{"a":0,"k":0,"ix":1},"m":1},{"ty":"st","bm":0,"cl":"","ln":"","hd":false,"mn":"ADBE Vector Graphic - Stroke","nm":"Stroke 1","lc":3,"lj":1,"ml":10,"o":{"a":0,"k":100,"ix":4},"w":{"a":0,"k":28.426,"ix":5},"d":[],"c":{"a":0,"k":[1,1,1],"ix":3}},{"ty":"tr","a":{"a":0,"k":[0,0],"ix":1},"s":{"a":0,"k":[100,100],"ix":3},"sk":{"a":0,"k":0,"ix":4},"p":{"a":0,"k":[0,0],"ix":2},"r":{"a":0,"k":0,"ix":6},"sa":{"a":0,"k":0,"ix":5},"o":{"a":0,"k":100,"ix":7}}]}],"ind":12,"parent":13},{"ty":4,"nm":"checkCircle","mn":"","sr":1,"st":0,"op":132.5,"ip":0,"hd":false,"cl":"","ln":"","ddd":0,"bm":0,"hasMask":false,"ao":0,"ks":{"a":{"a":0,"k":[0,0,0],"ix":1},"s":{"a":0,"k":[100,100,100],"ix":6},"sk":{"a":0,"k":0},"p":{"a":0,"k":[215.751,-118.13,0],"ix":2},"r":{"a":0,"k":0,"ix":10},"sa":{"a":0,"k":0},"o":{"a":0,"k":100,"ix":11}},"ef":[{"ty":0,"mn":"Pseudo/BNCA2506f0b33","nm":"Excite - Scale","ix":1,"en":1,"ef":[{"ty":7,"mn":"Pseudo/BNCA2506f0b33-0001","nm":"Enable","ix":1,"v":{"a":0,"k":1,"ix":1}},{"ty":6,"mn":"Pseudo/BNCA2506f0b33-0002","nm":"Properties","ix":2,"v":0},{"ty":0,"mn":"Pseudo/BNCA2506f0b33-0003","nm":"Overshoot","ix":3,"v":{"a":0,"k":20,"ix":3}},{"ty":0,"mn":"Pseudo/BNCA2506f0b33-0004","nm":"Bounce","ix":4,"v":{"a":0,"k":40,"ix":4}},{"ty":0,"mn":"Pseudo/BNCA2506f0b33-0005","nm":"Friction","ix":5,"v":{"a":0,"k":60,"ix":5}},{"ty":6,"mn":"Pseudo/BNCA2506f0b33-0006","nm":"","ix":6,"v":0}]}],"shapes":[{"ty":"gr","bm":0,"cl":"","ln":"","hd":false,"mn":"ADBE Vector Group","nm":"Group 1","ix":1,"cix":2,"np":2,"it":[{"ty":"sh","bm":0,"cl":"","ln":"","hd":false,"mn":"ADBE Vector Shape - Group","nm":"Path 1","ix":1,"d":1,"ks":{"a":0,"k":{"c":true,"i":[[0,54.646],[54.646,0],[0,-54.646],[-54.646,0]],"o":[[0,-54.646],[-54.646,0],[0,54.646],[54.646,0]],"v":[[98.945,0],[0,-98.945],[-98.945,0],[0,98.945]]},"ix":2}},{"ty":"fl","bm":0,"cl":"","ln":"","hd":false,"mn":"ADBE Vector Graphic - Fill","nm":"Fill 1","c":{"a":0,"k":[0.7922,0.1255,0.1843],"ix":4},"r":1,"o":{"a":0,"k":100,"ix":5}},{"ty":"tr","a":{"a":0,"k":[0,0],"ix":1},"s":{"a":0,"k":[100,100],"ix":3},"sk":{"a":0,"k":0,"ix":4},"p":{"a":0,"k":[0,0],"ix":2},"r":{"a":0,"k":0,"ix":6},"sa":{"a":0,"k":0,"ix":5},"o":{"a":0,"k":100,"ix":7}}]}],"ind":13,"parent":50},{"ty":4,"nm":"R_upperArm 2","mn":"","sr":1,"st":0,"op":132.5,"ip":0,"hd":false,"cl":"","ln":"","ddd":0,"bm":0,"hasMask":false,"ao":0,"ks":{"a":{"a":0,"k":[0,0,0],"ix":1},"s":{"a":0,"k":[100,100,100],"ix":6},"sk":{"a":0,"k":0},"p":{"a":0,"k":[-31.598,10.533,0],"ix":2},"r":{"a":0,"k":0,"ix":10},"sa":{"a":0,"k":0},"o":{"a":0,"k":100,"ix":11}},"ef":[],"shapes":[{"ty":"gr","bm":0,"cl":"","ln":"","hd":false,"mn":"ADBE Vector Group","nm":"Group 1","ix":1,"cix":2,"np":2,"it":[{"ty":"sh","bm":0,"cl":"","ln":"","hd":false,"mn":"ADBE Vector Shape - Group","nm":"Path 1","ix":1,"d":1,"ks":{"a":1,"k":[{"o":{"x":0.333,"y":0},"i":{"x":0.667,"y":1},"s":[{"c":false,"i":[[0,0],[0,0]],"o":[[0,0],[0,0]],"v":[[-27.708,-48.806],[27.708,48.806]]}],"t":0},{"o":{"x":0.333,"y":0},"i":{"x":0.667,"y":1},"s":[{"c":false,"i":[[0,0],[0,0]],"o":[[0,0],[0,0]],"v":[[-27.708,-48.806],[27.708,48.806]]}],"t":10},{"o":{"x":0.167,"y":0.167},"i":{"x":0.833,"y":0.833},"s":[{"c":false,"i":[[0,0],[0,0]],"o":[[0,0],[0,0]],"v":[[-27.708,-48.806],[27.708,48.806]]}],"t":55}],"ix":2}},{"ty":"st","bm":0,"cl":"","ln":"","hd":false,"mn":"ADBE Vector Graphic - Stroke","nm":"Stroke 1","lc":2,"lj":1,"ml":10,"o":{"a":0,"k":100,"ix":4},"w":{"a":0,"k":3,"ix":5},"d":[],"c":{"a":0,"k":[0,0,0],"ix":3}},{"ty":"tr","a":{"a":0,"k":[0,0],"ix":1},"s":{"a":0,"k":[100,100],"ix":3},"sk":{"a":0,"k":0,"ix":4},"p":{"a":0,"k":[0,0],"ix":2},"r":{"a":0,"k":0,"ix":6},"sa":{"a":0,"k":0,"ix":5},"o":{"a":0,"k":100,"ix":7}}]}],"ind":14,"parent":15},{"ty":4,"nm":"R_upperArm","mn":"","sr":1,"st":0,"op":132.5,"ip":0,"hd":false,"cl":"","ln":"","ddd":0,"bm":0,"hasMask":false,"ao":0,"ks":{"a":{"a":0,"k":[0,0,0],"ix":1},"s":{"a":0,"k":[100,100,100],"ix":6},"sk":{"a":0,"k":0},"p":{"a":0,"k":[82.859,132.142,0],"ix":2},"r":{"a":0,"k":0,"ix":10},"sa":{"a":0,"k":0},"o":{"a":0,"k":100,"ix":11}},"ef":[],"shapes":[{"ty":"gr","bm":0,"cl":"","ln":"","hd":false,"mn":"ADBE Vector Group","nm":"Group 1","ix":1,"cix":2,"np":2,"it":[{"ty":"sh","bm":0,"cl":"","ln":"","hd":false,"mn":"ADBE Vector Shape - Group","nm":"Path 1","ix":1,"d":1,"ks":{"a":1,"k":[{"o":{"x":0.333,"y":0},"i":{"x":0.667,"y":1},"s":[{"c":true,"i":[[18.039,-9.94],[9.572,16.935],[30.493,48.371],[-26.875,16.935],[-14.358,-41.232],[0,0]],"o":[[-19.49,10.223],[-25.954,-46.686],[-15.488,-28.305],[25.402,-14.726],[0,0],[5.522,16.567]],"v":[[58.869,114.508],[15.796,95.364],[-58.57,-36.064],[-48.998,-113.375],[19.846,-66.989],[62.919,65.176]]}],"t":0},{"o":{"x":0.333,"y":0},"i":{"x":0.667,"y":1},"s":[{"c":true,"i":[[18.039,-9.94],[9.572,16.935],[30.493,48.371],[-26.875,16.935],[-14.358,-41.232],[0,0]],"o":[[-19.49,10.223],[-25.954,-46.686],[-15.488,-28.305],[25.402,-14.726],[0,0],[5.522,16.567]],"v":[[58.869,114.508],[15.796,95.364],[-58.57,-36.064],[-48.998,-113.375],[19.846,-66.989],[62.919,65.176]]}],"t":10},{"o":{"x":0.167,"y":0.167},"i":{"x":0.833,"y":0.833},"s":[{"c":true,"i":[[18.039,-9.94],[9.572,16.935],[30.493,48.371],[-26.875,16.935],[-14.358,-41.232],[0,0]],"o":[[-19.49,10.223],[-25.954,-46.686],[-15.488,-28.305],[25.402,-14.726],[0,0],[5.522,16.567]],"v":[[58.869,114.508],[15.796,95.364],[-58.57,-36.064],[-48.998,-113.375],[19.846,-66.989],[62.919,65.176]]}],"t":55}],"ix":2}},{"ty":"fl","bm":0,"cl":"","ln":"","hd":false,"mn":"ADBE Vector Graphic - Fill","nm":"Fill 1","c":{"a":0,"k":[0.7922,0.1255,0.1843],"ix":4},"r":1,"o":{"a":0,"k":100,"ix":5}},{"ty":"tr","a":{"a":0,"k":[0,0],"ix":1},"s":{"a":0,"k":[100,100],"ix":3},"sk":{"a":0,"k":0,"ix":4},"p":{"a":0,"k":[0,0],"ix":2},"r":{"a":0,"k":0,"ix":6},"sa":{"a":0,"k":0,"ix":5},"o":{"a":0,"k":100,"ix":7}}]}],"ind":15,"parent":7},{"ty":4,"nm":"R_cuff 2","mn":"","sr":1,"st":0,"op":132.5,"ip":0,"hd":false,"cl":"","ln":"","ddd":0,"bm":0,"hasMask":false,"ao":0,"ks":{"a":{"a":0,"k":[0,0,0],"ix":1},"s":{"a":0,"k":[100,100,100],"ix":6},"sk":{"a":0,"k":0},"p":{"a":0,"k":[0,0,0],"ix":2},"r":{"a":0,"k":0,"ix":10},"sa":{"a":0,"k":0},"o":{"a":0,"k":100,"ix":11}},"ef":[],"shapes":[{"ty":"gr","bm":0,"cl":"","ln":"","hd":false,"mn":"ADBE Vector Group","nm":"Group 1","ix":1,"cix":2,"np":2,"it":[{"ty":"sh","bm":0,"cl":"","ln":"","hd":false,"mn":"ADBE Vector Shape - Group","nm":"Path 1","ix":1,"d":1,"ks":{"a":1,"k":[{"o":{"x":0.333,"y":0},"i":{"x":0.667,"y":1},"s":[{"c":false,"i":[[0,0],[0,0],[15.722,-6.573],[0,0]],"o":[[0,0],[-9.292,-15.345],[0,0],[0,0]],"v":[[23.285,16.843],[25.701,-13.853],[-14.242,-28.488],[-22.212,5.999]]}],"t":0},{"o":{"x":0.333,"y":0},"i":{"x":0.667,"y":1},"s":[{"c":false,"i":[[0,0],[0,0],[15.545,-2.686],[0,0]],"o":[[0,0],[-9.292,-15.345],[0,0],[0,0]],"v":[[22.605,16.656],[27.01,-13.13],[-5.483,-30.437],[-12.824,-5.968]]}],"t":10},{"o":{"x":0.333,"y":0},"i":{"x":0.667,"y":1},"s":[{"c":false,"i":[[0,0],[0,0],[15.545,-2.686],[0,0]],"o":[[1.324,-9.631],[-9.292,-15.345],[0,0],[0,0]],"v":[[13.599,43.205],[17.575,14.605],[-13.804,0.155],[-23.942,28.231]]}],"t":20},{"o":{"x":0.333,"y":0},"i":{"x":0.667,"y":1},"s":[{"c":false,"i":[[0,0],[0,0],[15.545,-2.686],[0,0]],"o":[[0,0],[-9.292,-15.345],[0,0],[0,0]],"v":[[19.757,21.952],[22.212,-3.818],[-15.585,-21.244],[-22.212,5.999]]}],"t":35},{"o":{"x":0.167,"y":0.167},"i":{"x":0.833,"y":0.833},"s":[{"c":false,"i":[[0,0],[0,0],[15.545,-2.686],[0,0]],"o":[[0,0],[-9.292,-15.345],[0,0],[0,0]],"v":[[19.757,21.952],[22.212,-3.818],[-15.585,-21.244],[-22.212,5.999]]}],"t":55}],"ix":2}},{"ty":"st","bm":0,"cl":"","ln":"","hd":false,"mn":"ADBE Vector Graphic - Stroke","nm":"Stroke 1","lc":2,"lj":1,"ml":10,"o":{"a":0,"k":100,"ix":4},"w":{"a":0,"k":3,"ix":5},"d":[],"c":{"a":0,"k":[0,0,0],"ix":3}},{"ty":"tr","a":{"a":0,"k":[0,0],"ix":1},"s":{"a":0,"k":[100,100],"ix":3},"sk":{"a":0,"k":0,"ix":4},"p":{"a":0,"k":[0,0],"ix":2},"r":{"a":0,"k":0,"ix":6},"sa":{"a":0,"k":0,"ix":5},"o":{"a":0,"k":100,"ix":7}}]}],"ind":16,"parent":17},{"ty":4,"nm":"R_cuff","mn":"","sr":1,"st":0,"op":132.5,"ip":0,"hd":false,"cl":"","ln":"","ddd":0,"bm":0,"hasMask":false,"ao":0,"ks":{"a":{"a":0,"k":[0,0,0],"ix":1},"s":{"a":0,"k":[256.41,256.41,100],"ix":6},"sk":{"a":0,"k":0},"p":{"a":0,"k":[138.634,-245.549,0],"ix":2},"r":{"a":0,"k":0,"ix":10},"sa":{"a":0,"k":0},"o":{"a":0,"k":100,"ix":11}},"ef":[],"shapes":[{"ty":"gr","bm":0,"cl":"","ln":"","hd":false,"mn":"ADBE Vector Group","nm":"Group 1","ix":1,"cix":2,"np":2,"it":[{"ty":"sh","bm":0,"cl":"","ln":"","hd":false,"mn":"ADBE Vector Shape - Group","nm":"Path 1","ix":1,"d":1,"ks":{"a":1,"k":[{"o":{"x":0.333,"y":0},"i":{"x":0.667,"y":1},"s":[{"c":true,"i":[[0,0],[0,0],[0,0],[15.545,-2.686]],"o":[[0,0],[0,0],[-9.292,-15.345],[0,0]],"v":[[-14.516,0.343],[23.385,16.465],[26.062,-13.723],[-6.016,-30.188]]}],"t":0},{"o":{"x":0.333,"y":0},"i":{"x":0.667,"y":1},"s":[{"c":true,"i":[[0,0],[0,0],[0,0],[15.545,-2.686]],"o":[[0,0],[0,0],[-9.292,-15.345],[0,0]],"v":[[-14.516,0.343],[23.385,16.465],[26.062,-13.723],[-6.016,-30.188]]}],"t":10},{"o":{"x":0.333,"y":0},"i":{"x":0.667,"y":1},"s":[{"c":true,"i":[[0,0],[0,0],[0,0],[15.545,-2.686]],"o":[[0,0],[0,0],[-9.292,-15.345],[0,0]],"v":[[-24.31,29.603],[14.495,45.688],[17.122,16.481],[-13.13,1.699]]}],"t":20},{"o":{"x":0.333,"y":0},"i":{"x":0.667,"y":1},"s":[{"c":true,"i":[[0,0],[0,0],[0,0],[15.545,-2.686]],"o":[[0,0],[0,0],[-9.292,-15.345],[0,0]],"v":[[-22.212,5.999],[19.757,21.952],[22.212,-3.818],[-15.585,-21.244]]}],"t":35},{"o":{"x":0.167,"y":0.167},"i":{"x":0.833,"y":0.833},"s":[{"c":true,"i":[[0,0],[0,0],[0,0],[15.545,-2.686]],"o":[[0,0],[0,0],[-9.292,-15.345],[0,0]],"v":[[-22.212,5.999],[19.757,21.952],[22.212,-3.818],[-15.585,-21.244]]}],"t":55}],"ix":2}},{"ty":"fl","bm":0,"cl":"","ln":"","hd":false,"mn":"ADBE Vector Graphic - Fill","nm":"Fill 1","c":{"a":0,"k":[0.7922,0.1255,0.1843],"ix":4},"r":1,"o":{"a":0,"k":100,"ix":5}},{"ty":"tr","a":{"a":0,"k":[0,0],"ix":1},"s":{"a":0,"k":[100,100],"ix":3},"sk":{"a":0,"k":0,"ix":4},"p":{"a":0,"k":[0,0],"ix":2},"r":{"a":0,"k":0,"ix":6},"sa":{"a":0,"k":0,"ix":5},"o":{"a":0,"k":100,"ix":7}}]}],"ind":17,"parent":6},{"ty":4,"nm":"R_lowerArm 2","mn":"","sr":1,"st":0,"op":132.5,"ip":0,"hd":false,"cl":"","ln":"","ddd":0,"bm":0,"hasMask":false,"ao":0,"ks":{"a":{"a":0,"k":[0,0,0],"ix":1},"s":{"a":0,"k":[256.41,256.41,100],"ix":6},"sk":{"a":0,"k":0},"p":{"a":0,"k":[168.138,-315.33,0],"ix":2},"r":{"a":0,"k":0,"ix":10},"sa":{"a":0,"k":0},"o":{"a":0,"k":100,"ix":11}},"ef":[],"shapes":[{"ty":"gr","bm":0,"cl":"","ln":"","hd":false,"mn":"ADBE Vector Group","nm":"Group 1","ix":1,"cix":2,"np":2,"it":[{"ty":"sh","bm":0,"cl":"","ln":"","hd":false,"mn":"ADBE Vector Shape - Group","nm":"Path 1","ix":1,"d":1,"ks":{"a":1,"k":[{"o":{"x":0.333,"y":0},"i":{"x":0.667,"y":1},"s":[{"c":true,"i":[[2.037,-4.89],[1.384,-9.462],[8.955,1.365],[0,0],[-4.8,-2.004]],"o":[[-1.109,9.832],[-6.245,-9.192],[0,0],[2.042,-4.89],[4.8,2]],"v":[[12.971,-7.881],[9.223,21.079],[-13.724,5.661],[-4.414,-15.135],[7.972,-20.362]]}],"t":0},{"o":{"x":0.333,"y":0},"i":{"x":0.667,"y":1},"s":[{"c":true,"i":[[2.037,-4.89],[1.384,-9.462],[8.955,1.365],[0,0],[-4.8,-2.004]],"o":[[-1.109,9.832],[-6.245,-9.192],[0,0],[2.042,-4.89],[4.8,2]],"v":[[12.971,-7.881],[9.223,21.079],[-13.724,5.661],[-4.414,-15.135],[7.972,-20.362]]}],"t":10},{"o":{"x":0.333,"y":0},"i":{"x":0.667,"y":1},"s":[{"c":true,"i":[[2.037,-4.89],[1.384,-9.462],[8.955,1.365],[0,0],[-4.8,-2.004]],"o":[[-1.109,9.832],[-6.245,-9.192],[0,0],[2.042,-4.89],[4.8,2]],"v":[[2.168,22.229],[-1.58,51.189],[-24.527,35.771],[-15.217,14.975],[-2.831,9.749]]}],"t":20},{"o":{"x":0.333,"y":0},"i":{"x":0.667,"y":1},"s":[{"c":true,"i":[[2.037,-4.89],[1.384,-9.462],[8.955,1.365],[0,0],[-4.8,-2.004]],"o":[[-1.109,9.832],[-6.245,-9.192],[0,0],[2.042,-4.89],[4.8,2]],"v":[[12.971,-7.881],[9.223,21.079],[-13.724,5.661],[-4.414,-15.135],[7.972,-20.362]]}],"t":35},{"o":{"x":0.167,"y":0.167},"i":{"x":0.833,"y":0.833},"s":[{"c":true,"i":[[2.037,-4.89],[1.384,-9.462],[8.955,1.365],[0,0],[-4.8,-2.004]],"o":[[-1.109,9.832],[-6.245,-9.192],[0,0],[2.042,-4.89],[4.8,2]],"v":[[12.971,-7.881],[9.223,21.079],[-13.724,5.661],[-4.414,-15.135],[7.972,-20.362]]}],"t":55}],"ix":2}},{"ty":"fl","bm":0,"cl":"","ln":"","hd":false,"mn":"ADBE Vector Graphic - Fill","nm":"Fill 1","c":{"a":0,"k":[0.9882,0.9882,0.9882],"ix":4},"r":1,"o":{"a":0,"k":100,"ix":5}},{"ty":"tr","a":{"a":0,"k":[0,0],"ix":1},"s":{"a":0,"k":[100,100],"ix":3},"sk":{"a":0,"k":0,"ix":4},"p":{"a":0,"k":[0,0],"ix":2},"r":{"a":0,"k":0,"ix":6},"sa":{"a":0,"k":0,"ix":5},"o":{"a":0,"k":100,"ix":7}}]}],"ind":18,"parent":6},{"ty":4,"nm":"R_lowerArm","mn":"","sr":1,"st":0,"op":132.5,"ip":0,"hd":false,"cl":"","ln":"","ddd":0,"bm":0,"hasMask":false,"ao":0,"ks":{"a":{"a":0,"k":[0,0,0],"ix":1},"s":{"a":0,"k":[256.41,256.41,100],"ix":6},"sk":{"a":0,"k":0},"p":{"a":0,"k":[86.428,-90.874,0],"ix":2},"r":{"a":0,"k":0,"ix":10},"sa":{"a":0,"k":0},"o":{"a":0,"k":100,"ix":11}},"ef":[],"shapes":[{"ty":"gr","bm":0,"cl":"","ln":"","hd":false,"mn":"ADBE Vector Group","nm":"Group 1","ix":1,"cix":2,"np":2,"it":[{"ty":"sh","bm":0,"cl":"","ln":"","hd":false,"mn":"ADBE Vector Shape - Group","nm":"Path 1","ix":1,"d":1,"ks":{"a":1,"k":[{"o":{"x":0.333,"y":0},"i":{"x":0.667,"y":1},"s":[{"c":true,"i":[[-6.245,-9.192],[13.272,-33.888],[13.125,5.477],[0,10.178],[-1.402,3.359],[0,0]],"o":[[-7.643,52.144],[-5.581,13.371],[-9.832,-4.103],[0,-3.416],[0,0],[8.955,1.365]],"v":[[41.09,-66.459],[8.51,65.623],[-25.359,79.918],[-41.09,56.037],[-39.024,45.784],[18.143,-81.877]]}],"t":0},{"o":{"x":0.333,"y":0},"i":{"x":0.667,"y":1},"s":[{"c":true,"i":[[-6.245,-9.192],[13.272,-33.888],[13.125,5.477],[0,10.178],[-1.402,3.359],[0,0]],"o":[[-7.643,52.144],[-5.581,13.371],[-9.832,-4.103],[0,-3.416],[0,0],[8.955,1.365]],"v":[[41.09,-66.459],[8.51,65.623],[-25.359,79.918],[-41.09,56.037],[-39.024,45.784],[18.143,-81.877]]}],"t":10},{"o":{"x":0.333,"y":0},"i":{"x":0.667,"y":1},"s":[{"c":true,"i":[[-6.245,-9.192],[13.272,-33.888],[13.125,5.477],[0,10.178],[-1.402,3.359],[0,0]],"o":[[-7.643,52.144],[-5.581,13.371],[-9.832,-4.103],[0,-3.416],[0,0],[8.955,1.365]],"v":[[36.606,-48.492],[8.51,65.623],[-25.359,79.918],[-41.09,56.037],[-39.024,45.784],[9.699,-61.192]]}],"t":20},{"o":{"x":0.167,"y":0.167},"i":{"x":0.833,"y":0.833},"s":[{"c":true,"i":[[-6.245,-9.192],[13.272,-33.888],[13.125,5.477],[0,10.178],[-1.402,3.359],[0,0]],"o":[[-7.643,52.144],[-5.581,13.371],[-9.832,-4.103],[0,-3.416],[0,0],[8.955,1.365]],"v":[[41.09,-66.459],[8.51,65.623],[-25.359,79.918],[-41.09,56.037],[-39.024,45.784],[18.143,-81.877]]}],"t":55}],"ix":2}},{"ty":"fl","bm":0,"cl":"","ln":"","hd":false,"mn":"ADBE Vector Graphic - Fill","nm":"Fill 1","c":{"a":0,"k":[0.7922,0.1255,0.1843],"ix":4},"r":1,"o":{"a":0,"k":100,"ix":5}},{"ty":"tr","a":{"a":0,"k":[0,0],"ix":1},"s":{"a":0,"k":[100,100],"ix":3},"sk":{"a":0,"k":0,"ix":4},"p":{"a":0,"k":[0,0],"ix":2},"r":{"a":0,"k":0,"ix":6},"sa":{"a":0,"k":0,"ix":5},"o":{"a":0,"k":100,"ix":7}}]}],"ind":19,"parent":6},{"ty":4,"nm":"R_hand","mn":"","sr":1,"st":0,"op":132.5,"ip":0,"hd":false,"cl":"","ln":"","ddd":0,"bm":0,"hasMask":false,"ao":0,"ks":{"a":{"a":0,"k":[0,0,0],"ix":1},"s":{"a":0,"k":[333.333,333.333,100],"ix":6},"sk":{"a":0,"k":0},"p":{"a":0,"k":[83,-55.357,0],"ix":2},"r":{"a":0,"k":0,"ix":10},"sa":{"a":0,"k":0},"o":{"a":0,"k":100,"ix":11}},"ef":[],"shapes":[{"ty":"gr","bm":0,"cl":"","ln":"","hd":false,"mn":"ADBE Vector Group","nm":"Group 1","ix":1,"cix":2,"np":2,"it":[{"ty":"sh","bm":0,"cl":"","ln":"","hd":false,"mn":"ADBE Vector Shape - Group","nm":"Path 1","ix":1,"d":1,"ks":{"a":1,"k":[{"o":{"x":0.333,"y":0},"i":{"x":0.667,"y":1},"s":[{"c":true,"i":[[-5.94,-0.805],[-0.438,-8.963],[-1.268,-6.976],[0.998,-10.344],[2.75,0.049],[0,0],[-0.089,3.14],[0.39,14.856],[1.801,5.256],[-4.645,0.941],[-1.524,-1.373]],"o":[[5.003,1.001],[-0.117,4.522],[0.607,5.009],[-0.268,2.78],[0,0],[-3.093,-0.055],[0.364,-12.85],[-2.601,-2.045],[1.001,-13.183],[6.637,2.379],[5.99,-6.513]],"v":[[-0.86,-20.815],[7.293,0.398],[8.676,16.793],[9.323,41.976],[1.776,44.812],[-17.757,41.151],[-21.091,33.617],[-19.849,4.716],[-28.086,-1.058],[-24.148,-15.767],[-15.859,-12.469]]}],"t":0},{"o":{"x":0.333,"y":0},"i":{"x":0.667,"y":1},"s":[{"c":true,"i":[[-5.94,-0.805],[-0.438,-8.963],[-1.268,-6.976],[0.998,-10.344],[2.75,0.049],[0,0],[-0.089,3.14],[0.39,14.856],[1.801,5.256],[-4.645,0.941],[-1.524,-1.373]],"o":[[5.003,1.001],[-0.117,4.522],[0.607,5.009],[-0.268,2.78],[0,0],[-3.093,-0.055],[0.364,-12.85],[-2.601,-2.045],[1.001,-13.183],[6.637,2.379],[5.99,-6.513]],"v":[[-0.86,-20.815],[7.293,0.398],[8.676,16.793],[9.323,41.976],[1.776,44.812],[-17.757,41.151],[-21.091,33.617],[-19.849,4.716],[-28.086,-1.058],[-24.148,-15.767],[-15.859,-12.469]]}],"t":10},{"o":{"x":0.333,"y":0},"i":{"x":0.667,"y":1},"s":[{"c":true,"i":[[-5.94,-0.805],[-0.438,-8.963],[-1.268,-6.976],[0.998,-10.344],[2.75,0.049],[0,0],[-0.089,3.14],[0.39,14.856],[1.801,5.256],[-4.645,0.941],[-1.524,-1.373]],"o":[[5.003,1.001],[-0.117,4.522],[0.607,5.009],[-0.268,2.78],[0,0],[-3.093,-0.055],[0.364,-12.85],[-2.601,-2.045],[1.001,-13.183],[6.637,2.379],[5.99,-6.513]],"v":[[-0.86,-20.815],[7.293,0.398],[8.676,16.793],[9.323,41.976],[1.776,44.812],[-17.757,41.151],[-21.091,33.617],[-19.849,4.716],[-28.086,-1.058],[-24.148,-15.767],[-15.859,-12.469]]}],"t":20},{"o":{"x":0.333,"y":0},"i":{"x":0.667,"y":1},"s":[{"c":true,"i":[[-16.785,-1.537],[0.988,-7.571],[3.596,0.063],[0.998,-10.344],[2.75,0.049],[0,0],[-0.315,3.126],[1.659,15.724],[7.652,7.24],[-7.639,-1.643],[-1.604,-14.224]],"o":[[1.032,5.735],[-3.487,-0.062],[1.01,9.283],[-0.268,2.78],[0,0],[-3.093,-0.055],[1.583,-15.733],[-3.35,-13.375],[3.547,-4.711],[6.637,2.379],[14.536,-1.18]],"v":[[38.179,-10.784],[37.819,9.562],[27.192,9.375],[27.123,38.861],[21.765,43.697],[-17.829,42.997],[-22.984,37.087],[-22.684,-10.1],[-38.783,-36.891],[-23.086,-43.272],[-7.216,-10.455]]}],"t":35},{"o":{"x":0.167,"y":0.167},"i":{"x":0.833,"y":0.833},"s":[{"c":true,"i":[[-16.785,-1.537],[0.988,-7.571],[3.596,0.063],[0.998,-10.344],[2.75,0.049],[0,0],[-0.315,3.126],[1.659,15.724],[7.652,7.24],[-7.639,-1.643],[-1.604,-14.224]],"o":[[1.032,5.735],[-3.487,-0.062],[1.01,9.283],[-0.268,2.78],[0,0],[-3.093,-0.055],[1.583,-15.733],[-3.35,-13.375],[3.547,-4.711],[6.637,2.379],[14.536,-1.18]],"v":[[38.179,-10.784],[37.819,9.562],[27.192,9.375],[27.123,38.861],[21.765,43.697],[-17.829,42.997],[-22.984,37.087],[-22.684,-10.1],[-38.783,-36.891],[-23.086,-43.272],[-7.216,-10.455]]}],"t":55}],"ix":2}},{"ty":"fl","bm":0,"cl":"","ln":"","hd":false,"mn":"ADBE Vector Graphic - Fill","nm":"Fill 1","c":{"a":0,"k":[0.9882,0.9882,0.9882],"ix":4},"r":1,"o":{"a":0,"k":100,"ix":5}},{"ty":"tr","a":{"a":0,"k":[0,0],"ix":1},"s":{"a":0,"k":[100,100],"ix":3},"sk":{"a":0,"k":0,"ix":4},"p":{"a":0,"k":[0,0],"ix":2},"r":{"a":0,"k":0,"ix":6},"sa":{"a":0,"k":0,"ix":5},"o":{"a":0,"k":100,"ix":7}}]}],"ind":20,"parent":8},{"ty":4,"nm":"torso 3","mn":"","sr":1,"st":0,"op":132.5,"ip":0,"hd":false,"cl":"","ln":"","ddd":0,"bm":0,"hasMask":false,"ao":0,"ks":{"a":{"a":0,"k":[0,0,0],"ix":1},"s":{"a":0,"k":[100,100,100],"ix":6},"sk":{"a":0,"k":0},"p":{"a":0,"k":[113.746,-200.597,0],"ix":2},"r":{"a":0,"k":0,"ix":10},"sa":{"a":0,"k":0},"o":{"a":0,"k":100,"ix":11}},"ef":[],"shapes":[{"ty":"gr","bm":0,"cl":"","ln":"","hd":false,"mn":"ADBE Vector Group","nm":"Group 1","ix":1,"cix":2,"np":2,"it":[{"ty":"sh","bm":0,"cl":"","ln":"","hd":false,"mn":"ADBE Vector Shape - Group","nm":"Path 1","ix":1,"d":1,"ks":{"a":0,"k":{"c":false,"i":[[0,0],[0,0],[-20.045,-22.037],[0,0]],"o":[[0,0],[27.801,-6.951],[0,0],[0,0]],"v":[[-37.735,2.266],[-33.686,-19.455],[37.735,4.475],[35.526,21.778]]},"ix":2}},{"ty":"st","bm":0,"cl":"","ln":"","hd":false,"mn":"ADBE Vector Graphic - Stroke","nm":"Stroke 1","lc":2,"lj":1,"ml":10,"o":{"a":0,"k":100,"ix":4},"w":{"a":0,"k":3,"ix":5},"d":[],"c":{"a":0,"k":[0,0,0],"ix":3}},{"ty":"tr","a":{"a":0,"k":[0,0],"ix":1},"s":{"a":0,"k":[100,100],"ix":3},"sk":{"a":0,"k":0,"ix":4},"p":{"a":0,"k":[0,0],"ix":2},"r":{"a":0,"k":0,"ix":6},"sa":{"a":0,"k":0,"ix":5},"o":{"a":0,"k":100,"ix":7}}]}],"ind":21,"parent":9},{"ty":4,"nm":"torso 2","mn":"","sr":1,"st":0,"op":132.5,"ip":0,"hd":false,"cl":"","ln":"","ddd":0,"bm":0,"hasMask":false,"ao":0,"ks":{"a":{"a":0,"k":[0,0,0],"ix":1},"s":{"a":0,"k":[100,100,100],"ix":6},"sk":{"a":0,"k":0},"p":{"a":0,"k":[99.277,-38.349,0],"ix":2},"r":{"a":0,"k":0,"ix":10},"sa":{"a":0,"k":0},"o":{"a":0,"k":100,"ix":11}},"ef":[],"shapes":[{"ty":"gr","bm":0,"cl":"","ln":"","hd":false,"mn":"ADBE Vector Group","nm":"Group 1","ix":1,"cix":2,"np":2,"it":[{"ty":"sh","bm":0,"cl":"","ln":"","hd":false,"mn":"ADBE Vector Shape - Group","nm":"Path 1","ix":1,"d":1,"ks":{"a":0,"k":{"c":true,"i":[[40.903,5.277],[2.945,-37.551],[-11.063,-97.984],[-8.511,-0.809],[-22.089,16.689],[-2.562,15.217],[-11.069,36.509],[-1.841,35.71],[11.044,21.353]],"o":[[-51.256,-7.976],[-2.945,37.551],[0.287,7.801],[0,0],[21.353,-17.426],[0.979,-14.315],[-0.154,0.534],[44.914,-1.841],[-3.681,-15.094]],"v":[[4.306,-163.786],[-110.272,-111.631],[-82.334,148.579],[-66.585,162.516],[9.99,155.643],[24.47,111.711],[49.504,29.982],[63.248,-44.751],[106.322,-113.963]]},"ix":2}},{"ty":"fl","bm":0,"cl":"","ln":"","hd":false,"mn":"ADBE Vector Graphic - Fill","nm":"Fill 1","c":{"a":0,"k":[0.7922,0.1255,0.1843],"ix":4},"r":1,"o":{"a":0,"k":100,"ix":5}},{"ty":"tr","a":{"a":0,"k":[0,0],"ix":1},"s":{"a":0,"k":[100,100],"ix":3},"sk":{"a":0,"k":0,"ix":4},"p":{"a":0,"k":[0,0],"ix":2},"r":{"a":0,"k":0,"ix":6},"sa":{"a":0,"k":0,"ix":5},"o":{"a":0,"k":100,"ix":7}}]}],"ind":22,"parent":9},{"ty":4,"nm":"torso","mn":"","sr":1,"st":0,"op":132.5,"ip":0,"hd":false,"cl":"","ln":"","ddd":0,"bm":0,"hasMask":false,"ao":0,"ks":{"a":{"a":0,"k":[0,0,0],"ix":1},"s":{"a":0,"k":[100,100,100],"ix":6},"sk":{"a":0,"k":0},"p":{"a":0,"k":[113.746,-200.597,0],"ix":2},"r":{"a":0,"k":0,"ix":10},"sa":{"a":0,"k":0},"o":{"a":0,"k":100,"ix":11}},"ef":[],"shapes":[{"ty":"gr","bm":0,"cl":"","ln":"","hd":false,"mn":"ADBE Vector Group","nm":"Group 1","ix":1,"cix":2,"np":2,"it":[{"ty":"sh","bm":0,"cl":"","ln":"","hd":false,"mn":"ADBE Vector Shape - Group","nm":"Path 1","ix":1,"d":1,"ks":{"a":0,"k":{"c":true,"i":[[0,0],[0,0],[-20.045,-22.037],[0,0]],"o":[[0,0],[27.801,-6.951],[0,0],[0,0]],"v":[[-37.735,2.266],[-33.686,-19.455],[37.735,4.475],[35.526,21.778]]},"ix":2}},{"ty":"fl","bm":0,"cl":"","ln":"","hd":false,"mn":"ADBE Vector Graphic - Fill","nm":"Fill 1","c":{"a":0,"k":[0.7922,0.1255,0.1843],"ix":4},"r":1,"o":{"a":0,"k":100,"ix":5}},{"ty":"tr","a":{"a":0,"k":[0,0],"ix":1},"s":{"a":0,"k":[100,100],"ix":3},"sk":{"a":0,"k":0,"ix":4},"p":{"a":0,"k":[0,0],"ix":2},"r":{"a":0,"k":0,"ix":6},"sa":{"a":0,"k":0,"ix":5},"o":{"a":0,"k":100,"ix":7}}]}],"ind":23,"parent":9},{"ty":4,"nm":"icon_003","mn":"","sr":1,"st":0,"op":132.5,"ip":0,"hd":false,"cl":"","ln":"","ddd":0,"bm":0,"hasMask":false,"ao":0,"ks":{"a":{"a":0,"k":[0,0,0],"ix":1},"s":{"a":1,"k":[{"o":{"x":0.167,"y":0},"i":{"x":0.833,"y":1},"s":[100,100,100],"t":0},{"o":{"x":0.167,"y":0},"i":{"x":0.833,"y":1},"s":[100,100,100],"t":2.5},{"o":{"x":0.167,"y":0},"i":{"x":0.833,"y":1},"s":[100,100,100],"t":5},{"o":{"x":0.167,"y":0},"i":{"x":0.833,"y":1},"s":[100,101.75,100],"t":7.5},{"o":{"x":0.167,"y":0},"i":{"x":0.833,"y":1},"s":[100,103.5,100],"t":10},{"o":{"x":0.167,"y":0},"i":{"x":0.833,"y":1},"s":[100,105.25,100],"t":12.5},{"o":{"x":0.167,"y":0},"i":{"x":0.833,"y":1},"s":[100,107,100],"t":15},{"o":{"x":0.167,"y":0},"i":{"x":0.833,"y":1},"s":[100,108.546,100],"t":17.5},{"o":{"x":0.167,"y":0},"i":{"x":0.833,"y":1},"s":[100,109.463,100],"t":20},{"o":{"x":0.167,"y":0},"i":{"x":0.833,"y":1},"s":[100,109.617,100],"t":22.5},{"o":{"x":0.167,"y":0},"i":{"x":0.833,"y":1},"s":[100,109.085,100],"t":25},{"o":{"x":0.167,"y":0},"i":{"x":0.833,"y":1},"s":[100,108.108,100],"t":27.5},{"o":{"x":0.167,"y":0},"i":{"x":0.833,"y":1},"s":[100,107,100],"t":30},{"o":{"x":0.167,"y":0},"i":{"x":0.833,"y":1},"s":[100,106.063,100],"t":32.5},{"o":{"x":0.167,"y":0},"i":{"x":0.833,"y":1},"s":[100,105.506,100],"t":35},{"o":{"x":0.167,"y":0},"i":{"x":0.833,"y":1},"s":[100,105.413,100],"t":37.5},{"o":{"x":0.167,"y":0},"i":{"x":0.833,"y":1},"s":[100,105.735,100],"t":40},{"o":{"x":0.167,"y":0},"i":{"x":0.833,"y":1},"s":[100,106.328,100],"t":42.5},{"o":{"x":0.167,"y":0},"i":{"x":0.833,"y":1},"s":[100,107,100],"t":45},{"o":{"x":0.167,"y":0},"i":{"x":0.833,"y":1},"s":[100,107.569,100],"t":47.5},{"o":{"x":0.167,"y":0},"i":{"x":0.833,"y":1},"s":[100,107.906,100],"t":50},{"o":{"x":0.167,"y":0},"i":{"x":0.833,"y":1},"s":[100,107.963,100],"t":52.5},{"o":{"x":0.167,"y":0},"i":{"x":0.833,"y":1},"s":[100,107.767,100],"t":55},{"o":{"x":0.167,"y":0},"i":{"x":0.833,"y":1},"s":[100,107.407,100],"t":57.5},{"o":{"x":0.167,"y":0},"i":{"x":0.833,"y":1},"s":[100,107,100],"t":60},{"o":{"x":0.167,"y":0},"i":{"x":0.833,"y":1},"s":[100,106.655,100],"t":62.5},{"o":{"x":0.167,"y":0},"i":{"x":0.833,"y":1},"s":[100,106.45,100],"t":65},{"o":{"x":0.167,"y":0},"i":{"x":0.833,"y":1},"s":[100,106.416,100],"t":67.5},{"o":{"x":0.167,"y":0},"i":{"x":0.833,"y":1},"s":[100,106.535,100],"t":70},{"o":{"x":0.167,"y":0},"i":{"x":0.833,"y":1},"s":[100,106.753,100],"t":72.5},{"o":{"x":0.167,"y":0},"i":{"x":0.833,"y":1},"s":[100,107,100],"t":75},{"o":{"x":0.167,"y":0},"i":{"x":0.833,"y":1},"s":[100,107.209,100],"t":77.5},{"o":{"x":0.167,"y":0},"i":{"x":0.833,"y":1},"s":[100,107.333,100],"t":80},{"o":{"x":0.167,"y":0},"i":{"x":0.833,"y":1},"s":[100,107.354,100],"t":82.5},{"o":{"x":0.167,"y":0},"i":{"x":0.833,"y":1},"s":[100,107.282,100],"t":85},{"o":{"x":0.167,"y":0.167},"i":{"x":0.833,"y":0.833},"s":[100,107.15,100],"t":87.5}],"ix":6},"sk":{"a":0,"k":0},"p":{"a":0,"k":[106.493,-148.268,0],"ix":2},"r":{"a":0,"k":0,"ix":10},"sa":{"a":0,"k":0},"o":{"a":0,"k":100,"ix":11}},"ef":[{"ty":0,"mn":"Pseudo/BNCA2506f0b33","nm":"Excite - Scale","ix":1,"en":1,"ef":[{"ty":7,"mn":"Pseudo/BNCA2506f0b33-0001","nm":"Enable","ix":1,"v":{"a":0,"k":1,"ix":1}},{"ty":6,"mn":"Pseudo/BNCA2506f0b33-0002","nm":"Properties","ix":2,"v":0},{"ty":0,"mn":"Pseudo/BNCA2506f0b33-0003","nm":"Overshoot","ix":3,"v":{"a":0,"k":20,"ix":3}},{"ty":0,"mn":"Pseudo/BNCA2506f0b33-0004","nm":"Bounce","ix":4,"v":{"a":0,"k":40,"ix":4}},{"ty":0,"mn":"Pseudo/BNCA2506f0b33-0005","nm":"Friction","ix":5,"v":{"a":0,"k":40,"ix":5}},{"ty":6,"mn":"Pseudo/BNCA2506f0b33-0006","nm":"","ix":6,"v":0}]}],"shapes":[{"ty":"gr","bm":0,"cl":"","ln":"","hd":false,"mn":"ADBE Vector Group","nm":"Group 1","ix":1,"cix":2,"np":2,"it":[{"ty":"sh","bm":0,"cl":"","ln":"","hd":false,"mn":"ADBE Vector Shape - Group","nm":"Path 1","ix":1,"d":1,"ks":{"a":0,"k":{"c":true,"i":[[2.169,0],[0,0],[0,2.169],[0,0],[-2.169,0],[0,0],[0,-2.169],[0,0]],"o":[[0,0],[-2.169,0],[0,0],[0,-2.169],[0,0],[2.169,0],[0,0],[0,2.169]],"v":[[43.608,15.465],[-42.108,15.465],[-46.035,11.538],[-41.285,-5.473],[-37.358,-9.4],[48.358,-9.4],[52.285,-5.473],[47.535,11.538]]},"ix":2}},{"ty":"fl","bm":0,"cl":"","ln":"","hd":false,"mn":"ADBE Vector Graphic - Fill","nm":"Fill 1","c":{"a":0,"k":[0.8078,0.8039,0.8039],"ix":4},"r":1,"o":{"a":0,"k":100,"ix":5}},{"ty":"tr","a":{"a":0,"k":[0,0],"ix":1},"s":{"a":0,"k":[100,100],"ix":3},"sk":{"a":0,"k":0,"ix":4},"p":{"a":0,"k":[0,0],"ix":2},"r":{"a":0,"k":0,"ix":6},"sa":{"a":0,"k":0,"ix":5},"o":{"a":0,"k":100,"ix":7}}]}],"ind":24,"parent":31},{"ty":4,"nm":"icon_002","mn":"","sr":1,"st":0,"op":132.5,"ip":0,"hd":false,"cl":"","ln":"","ddd":0,"bm":0,"hasMask":false,"ao":0,"ks":{"a":{"a":0,"k":[0,0,0],"ix":1},"s":{"a":1,"k":[{"o":{"x":0.167,"y":0},"i":{"x":0.833,"y":1},"s":[100,100,100],"t":0},{"o":{"x":0.167,"y":0},"i":{"x":0.833,"y":1},"s":[100,100,100],"t":2.5},{"o":{"x":0.167,"y":0},"i":{"x":0.833,"y":1},"s":[100,100,100],"t":5},{"o":{"x":0.167,"y":0},"i":{"x":0.833,"y":1},"s":[100,100,100],"t":7.5},{"o":{"x":0.167,"y":0},"i":{"x":0.833,"y":1},"s":[100,100,100],"t":10},{"o":{"x":0.167,"y":0},"i":{"x":0.833,"y":1},"s":[100,101.75,100],"t":12.5},{"o":{"x":0.167,"y":0},"i":{"x":0.833,"y":1},"s":[100,103.5,100],"t":15},{"o":{"x":0.167,"y":0},"i":{"x":0.833,"y":1},"s":[100,105.25,100],"t":17.5},{"o":{"x":0.167,"y":0},"i":{"x":0.833,"y":1},"s":[100,107,100],"t":20},{"o":{"x":0.167,"y":0},"i":{"x":0.833,"y":1},"s":[100,108.546,100],"t":22.5},{"o":{"x":0.167,"y":0},"i":{"x":0.833,"y":1},"s":[100,109.463,100],"t":25},{"o":{"x":0.167,"y":0},"i":{"x":0.833,"y":1},"s":[100,109.617,100],"t":27.5},{"o":{"x":0.167,"y":0},"i":{"x":0.833,"y":1},"s":[100,109.085,100],"t":30},{"o":{"x":0.167,"y":0},"i":{"x":0.833,"y":1},"s":[100,108.108,100],"t":32.5},{"o":{"x":0.167,"y":0},"i":{"x":0.833,"y":1},"s":[100,107,100],"t":35},{"o":{"x":0.167,"y":0},"i":{"x":0.833,"y":1},"s":[100,106.063,100],"t":37.5},{"o":{"x":0.167,"y":0},"i":{"x":0.833,"y":1},"s":[100,105.506,100],"t":40},{"o":{"x":0.167,"y":0},"i":{"x":0.833,"y":1},"s":[100,105.413,100],"t":42.5},{"o":{"x":0.167,"y":0},"i":{"x":0.833,"y":1},"s":[100,105.735,100],"t":45},{"o":{"x":0.167,"y":0},"i":{"x":0.833,"y":1},"s":[100,106.328,100],"t":47.5},{"o":{"x":0.167,"y":0},"i":{"x":0.833,"y":1},"s":[100,107,100],"t":50},{"o":{"x":0.167,"y":0},"i":{"x":0.833,"y":1},"s":[100,107.569,100],"t":52.5},{"o":{"x":0.167,"y":0},"i":{"x":0.833,"y":1},"s":[100,107.906,100],"t":55},{"o":{"x":0.167,"y":0},"i":{"x":0.833,"y":1},"s":[100,107.963,100],"t":57.5},{"o":{"x":0.167,"y":0},"i":{"x":0.833,"y":1},"s":[100,107.767,100],"t":60},{"o":{"x":0.167,"y":0},"i":{"x":0.833,"y":1},"s":[100,107.407,100],"t":62.5},{"o":{"x":0.167,"y":0},"i":{"x":0.833,"y":1},"s":[100,107,100],"t":65},{"o":{"x":0.167,"y":0},"i":{"x":0.833,"y":1},"s":[100,106.655,100],"t":67.5},{"o":{"x":0.167,"y":0},"i":{"x":0.833,"y":1},"s":[100,106.45,100],"t":70},{"o":{"x":0.167,"y":0},"i":{"x":0.833,"y":1},"s":[100,106.416,100],"t":72.5},{"o":{"x":0.167,"y":0},"i":{"x":0.833,"y":1},"s":[100,106.535,100],"t":75},{"o":{"x":0.167,"y":0},"i":{"x":0.833,"y":1},"s":[100,106.753,100],"t":77.5},{"o":{"x":0.167,"y":0},"i":{"x":0.833,"y":1},"s":[100,107,100],"t":80},{"o":{"x":0.167,"y":0},"i":{"x":0.833,"y":1},"s":[100,107.209,100],"t":82.5},{"o":{"x":0.167,"y":0},"i":{"x":0.833,"y":1},"s":[100,107.333,100],"t":85},{"o":{"x":0.167,"y":0.167},"i":{"x":0.833,"y":0.833},"s":[100,107.354,100],"t":87.5}],"ix":6},"sk":{"a":0,"k":0},"p":{"a":0,"k":[82.056,-85.557,0],"ix":2},"r":{"a":0,"k":0,"ix":10},"sa":{"a":0,"k":0},"o":{"a":0,"k":100,"ix":11}},"ef":[{"ty":0,"mn":"Pseudo/BNCA2506f0b33","nm":"Excite - Scale","ix":1,"en":1,"ef":[{"ty":7,"mn":"Pseudo/BNCA2506f0b33-0001","nm":"Enable","ix":1,"v":{"a":0,"k":1,"ix":1}},{"ty":6,"mn":"Pseudo/BNCA2506f0b33-0002","nm":"Properties","ix":2,"v":0},{"ty":0,"mn":"Pseudo/BNCA2506f0b33-0003","nm":"Overshoot","ix":3,"v":{"a":0,"k":20,"ix":3}},{"ty":0,"mn":"Pseudo/BNCA2506f0b33-0004","nm":"Bounce","ix":4,"v":{"a":0,"k":40,"ix":4}},{"ty":0,"mn":"Pseudo/BNCA2506f0b33-0005","nm":"Friction","ix":5,"v":{"a":0,"k":40,"ix":5}},{"ty":6,"mn":"Pseudo/BNCA2506f0b33-0006","nm":"","ix":6,"v":0}]}],"shapes":[{"ty":"gr","bm":0,"cl":"","ln":"","hd":false,"mn":"ADBE Vector Group","nm":"Group 1","ix":1,"cix":2,"np":2,"it":[{"ty":"sh","bm":0,"cl":"","ln":"","hd":false,"mn":"ADBE Vector Shape - Group","nm":"Path 1","ix":1,"d":1,"ks":{"a":0,"k":{"c":true,"i":[[2.169,0],[0,0],[0,2.169],[0,0],[-2.169,0],[0,0],[0,-2.169],[0,0]],"o":[[0,0],[-2.169,0],[0,0],[0,-2.169],[0,0],[2.169,0],[0,0],[0,2.169]],"v":[[44.358,48.908],[-41.358,48.908],[-45.285,44.981],[-26.285,-30.101],[-22.358,-34.028],[63.358,-34.028],[67.285,-30.101],[48.285,44.981]]},"ix":2}},{"ty":"fl","bm":0,"cl":"","ln":"","hd":false,"mn":"ADBE Vector Graphic - Fill","nm":"Fill 1","c":{"a":0,"k":[0.8078,0.8039,0.8039],"ix":4},"r":1,"o":{"a":0,"k":100,"ix":5}},{"ty":"tr","a":{"a":0,"k":[0,0],"ix":1},"s":{"a":0,"k":[100,100],"ix":3},"sk":{"a":0,"k":0,"ix":4},"p":{"a":0,"k":[0,0],"ix":2},"r":{"a":0,"k":0,"ix":6},"sa":{"a":0,"k":0,"ix":5},"o":{"a":0,"k":100,"ix":7}}]}],"ind":25,"parent":31},{"ty":4,"nm":"icon_001","mn":"","sr":1,"st":0,"op":132.5,"ip":0,"hd":false,"cl":"","ln":"","ddd":0,"bm":0,"hasMask":false,"ao":0,"ks":{"a":{"a":0,"k":[0,0,0],"ix":1},"s":{"a":1,"k":[{"o":{"x":0.167,"y":0},"i":{"x":0.833,"y":1},"s":[100,100,100],"t":0},{"o":{"x":0.167,"y":0},"i":{"x":0.833,"y":1},"s":[100,101.75,100],"t":2.5},{"o":{"x":0.167,"y":0},"i":{"x":0.833,"y":1},"s":[100,103.5,100],"t":5},{"o":{"x":0.167,"y":0},"i":{"x":0.833,"y":1},"s":[100,105.25,100],"t":7.5},{"o":{"x":0.167,"y":0},"i":{"x":0.833,"y":1},"s":[100,107,100],"t":10},{"o":{"x":0.167,"y":0},"i":{"x":0.833,"y":1},"s":[100,108.546,100],"t":12.5},{"o":{"x":0.167,"y":0},"i":{"x":0.833,"y":1},"s":[100,109.463,100],"t":15},{"o":{"x":0.167,"y":0},"i":{"x":0.833,"y":1},"s":[100,109.617,100],"t":17.5},{"o":{"x":0.167,"y":0},"i":{"x":0.833,"y":1},"s":[100,109.085,100],"t":20},{"o":{"x":0.167,"y":0},"i":{"x":0.833,"y":1},"s":[100,108.108,100],"t":22.5},{"o":{"x":0.167,"y":0},"i":{"x":0.833,"y":1},"s":[100,107,100],"t":25},{"o":{"x":0.167,"y":0},"i":{"x":0.833,"y":1},"s":[100,106.063,100],"t":27.5},{"o":{"x":0.167,"y":0},"i":{"x":0.833,"y":1},"s":[100,105.506,100],"t":30},{"o":{"x":0.167,"y":0},"i":{"x":0.833,"y":1},"s":[100,105.413,100],"t":32.5},{"o":{"x":0.167,"y":0},"i":{"x":0.833,"y":1},"s":[100,105.735,100],"t":35},{"o":{"x":0.167,"y":0},"i":{"x":0.833,"y":1},"s":[100,106.328,100],"t":37.5},{"o":{"x":0.167,"y":0},"i":{"x":0.833,"y":1},"s":[100,107,100],"t":40},{"o":{"x":0.167,"y":0},"i":{"x":0.833,"y":1},"s":[100,107.569,100],"t":42.5},{"o":{"x":0.167,"y":0},"i":{"x":0.833,"y":1},"s":[100,107.906,100],"t":45},{"o":{"x":0.167,"y":0},"i":{"x":0.833,"y":1},"s":[100,107.963,100],"t":47.5},{"o":{"x":0.167,"y":0},"i":{"x":0.833,"y":1},"s":[100,107.767,100],"t":50},{"o":{"x":0.167,"y":0},"i":{"x":0.833,"y":1},"s":[100,107.407,100],"t":52.5},{"o":{"x":0.167,"y":0},"i":{"x":0.833,"y":1},"s":[100,107,100],"t":55},{"o":{"x":0.167,"y":0},"i":{"x":0.833,"y":1},"s":[100,106.655,100],"t":57.5},{"o":{"x":0.167,"y":0},"i":{"x":0.833,"y":1},"s":[100,106.45,100],"t":60},{"o":{"x":0.167,"y":0},"i":{"x":0.833,"y":1},"s":[100,106.416,100],"t":62.5},{"o":{"x":0.167,"y":0},"i":{"x":0.833,"y":1},"s":[100,106.535,100],"t":65},{"o":{"x":0.167,"y":0},"i":{"x":0.833,"y":1},"s":[100,106.753,100],"t":67.5},{"o":{"x":0.167,"y":0},"i":{"x":0.833,"y":1},"s":[100,107,100],"t":70},{"o":{"x":0.167,"y":0},"i":{"x":0.833,"y":1},"s":[100,107.209,100],"t":72.5},{"o":{"x":0.167,"y":0},"i":{"x":0.833,"y":1},"s":[100,107.333,100],"t":75},{"o":{"x":0.167,"y":0},"i":{"x":0.833,"y":1},"s":[100,107.354,100],"t":77.5},{"o":{"x":0.167,"y":0},"i":{"x":0.833,"y":1},"s":[100,107.282,100],"t":80},{"o":{"x":0.167,"y":0},"i":{"x":0.833,"y":1},"s":[100,107.15,100],"t":82.5},{"o":{"x":0.167,"y":0},"i":{"x":0.833,"y":1},"s":[100,107,100],"t":85},{"o":{"x":0.167,"y":0.167},"i":{"x":0.833,"y":0.833},"s":[100,106.873,100],"t":87.5}],"ix":6},"sk":{"a":0,"k":0},"p":{"a":0,"k":[12.956,-96.561,0],"ix":2},"r":{"a":0,"k":0,"ix":10},"sa":{"a":0,"k":0},"o":{"a":0,"k":100,"ix":11}},"ef":[{"ty":0,"mn":"Pseudo/BNCA2506f0b33","nm":"Excite - Scale","ix":1,"en":1,"ef":[{"ty":7,"mn":"Pseudo/BNCA2506f0b33-0001","nm":"Enable","ix":1,"v":{"a":0,"k":1,"ix":1}},{"ty":6,"mn":"Pseudo/BNCA2506f0b33-0002","nm":"Properties","ix":2,"v":0},{"ty":0,"mn":"Pseudo/BNCA2506f0b33-0003","nm":"Overshoot","ix":3,"v":{"a":0,"k":20,"ix":3}},{"ty":0,"mn":"Pseudo/BNCA2506f0b33-0004","nm":"Bounce","ix":4,"v":{"a":0,"k":40,"ix":4}},{"ty":0,"mn":"Pseudo/BNCA2506f0b33-0005","nm":"Friction","ix":5,"v":{"a":0,"k":40,"ix":5}},{"ty":6,"mn":"Pseudo/BNCA2506f0b33-0006","nm":"","ix":6,"v":0}]}],"shapes":[{"ty":"gr","bm":0,"cl":"","ln":"","hd":false,"mn":"ADBE Vector Group","nm":"Group 1","ix":1,"cix":2,"np":2,"it":[{"ty":"sh","bm":0,"cl":"","ln":"","hd":false,"mn":"ADBE Vector Shape - Group","nm":"Path 1","ix":1,"d":1,"ks":{"a":0,"k":{"c":true,"i":[[2.169,0],[0,0],[0,2.169],[0,0],[-2.169,0],[0,0],[0,-2.169],[0,0]],"o":[[0,0],[-2.169,0],[0,0],[0,-2.169],[0,0],[2.169,0],[0,0],[0,2.169]],"v":[[11.511,58.624],[-41.011,58.624],[-44.938,54.697],[-17.438,-52.837],[-13.511,-56.764],[39.011,-56.764],[42.938,-52.837],[15.438,54.697]]},"ix":2}},{"ty":"fl","bm":0,"cl":"","ln":"","hd":false,"mn":"ADBE Vector Graphic - Fill","nm":"Fill 1","c":{"a":0,"k":[0.8078,0.8039,0.8039],"ix":4},"r":1,"o":{"a":0,"k":100,"ix":5}},{"ty":"tr","a":{"a":0,"k":[0,0],"ix":1},"s":{"a":0,"k":[100,100],"ix":3},"sk":{"a":0,"k":0,"ix":4},"p":{"a":0,"k":[0,0],"ix":2},"r":{"a":0,"k":0,"ix":6},"sa":{"a":0,"k":0,"ix":5},"o":{"a":0,"k":100,"ix":7}}]}],"ind":26,"parent":31},{"ty":4,"nm":"screen","mn":"","sr":1,"st":0,"op":132.5,"ip":0,"hd":false,"cl":"","ln":"","ddd":0,"bm":0,"hasMask":false,"ao":0,"ks":{"a":{"a":0,"k":[0,0,0],"ix":1},"s":{"a":0,"k":[100,100,100],"ix":6},"sk":{"a":0,"k":0},"p":{"a":0,"k":[62.798,-96.333,0],"ix":2},"r":{"a":0,"k":0,"ix":10},"sa":{"a":0,"k":0},"o":{"a":0,"k":100,"ix":11}},"ef":[],"shapes":[{"ty":"gr","bm":0,"cl":"","ln":"","hd":false,"mn":"ADBE Vector Group","nm":"Group 1","ix":1,"cix":2,"np":2,"it":[{"ty":"sh","bm":0,"cl":"","ln":"","hd":false,"mn":"ADBE Vector Shape - Group","nm":"Path 1","ix":1,"d":1,"ks":{"a":0,"k":{"c":true,"i":[[0.986,0],[0,0],[-0.342,1.363],[0,0],[-0.99,0],[0,0],[0.35,-1.365],[0,0]],"o":[[0,0],[-1.405,0],[0,0],[0.241,-0.96],[0,0],[1.409,0],[0,0],[-0.245,0.955]],"v":[[76.01,74.734],[-113.192,74.734],[-115.285,72.05],[-78.819,-73.101],[-76.726,-74.734],[113.192,-74.734],[115.283,-72.04],[78.101,73.111]]},"ix":2}},{"ty":"fl","bm":0,"cl":"","ln":"","hd":false,"mn":"ADBE Vector Graphic - Fill","nm":"Fill 1","c":{"a":0,"k":[1,1,1],"ix":4},"r":1,"o":{"a":0,"k":100,"ix":5}},{"ty":"tr","a":{"a":0,"k":[0,0],"ix":1},"s":{"a":0,"k":[100,100],"ix":3},"sk":{"a":0,"k":0,"ix":4},"p":{"a":0,"k":[0,0],"ix":2},"r":{"a":0,"k":0,"ix":6},"sa":{"a":0,"k":0,"ix":5},"o":{"a":0,"k":100,"ix":7}}]}],"ind":27,"parent":31},{"ty":4,"nm":"screenBase 2","mn":"","sr":1,"st":0,"op":132.5,"ip":0,"hd":false,"cl":"","ln":"","ddd":0,"bm":0,"hasMask":false,"ao":0,"ks":{"a":{"a":0,"k":[0,0,0],"ix":1},"s":{"a":0,"k":[100,100,100],"ix":6},"sk":{"a":0,"k":0},"p":{"a":0,"k":[75.322,-176.344,0],"ix":2},"r":{"a":0,"k":0,"ix":10},"sa":{"a":0,"k":0},"o":{"a":0,"k":100,"ix":11}},"ef":[],"shapes":[{"ty":"gr","bm":0,"cl":"","ln":"","hd":false,"mn":"ADBE Vector Group","nm":"Group 1","ix":1,"cix":2,"np":2,"it":[{"ty":"sh","bm":0,"cl":"","ln":"","hd":false,"mn":"ADBE Vector Shape - Group","nm":"Path 1","ix":1,"d":1,"ks":{"a":0,"k":{"c":true,"i":[[0.302,-1.389],[1.389,0],[-0.302,1.389],[-1.389,0]],"o":[[-0.302,1.389],[-1.389,0],[0.302,-1.389],[1.389,0]],"v":[[2.516,0],[-0.547,2.516],[-2.516,0],[0.547,-2.516]]},"ix":2}},{"ty":"fl","bm":0,"cl":"","ln":"","hd":false,"mn":"ADBE Vector Graphic - Fill","nm":"Fill 1","c":{"a":0,"k":[0,0,0],"ix":4},"r":1,"o":{"a":0,"k":100,"ix":5}},{"ty":"tr","a":{"a":0,"k":[0,0],"ix":1},"s":{"a":0,"k":[100,100],"ix":3},"sk":{"a":0,"k":0,"ix":4},"p":{"a":0,"k":[0,0],"ix":2},"r":{"a":0,"k":0,"ix":6},"sa":{"a":0,"k":0,"ix":5},"o":{"a":0,"k":100,"ix":7}}]}],"ind":28,"parent":31},{"ty":4,"nm":"screenBase","mn":"","sr":1,"st":0,"op":132.5,"ip":0,"hd":false,"cl":"","ln":"","ddd":0,"bm":0,"hasMask":false,"ao":0,"ks":{"a":{"a":0,"k":[677.314,621.911,0],"ix":1},"s":{"a":0,"k":[100,100,100],"ix":6},"sk":{"a":0,"k":0},"p":{"a":0,"k":[64.765,-94.988,0],"ix":2},"r":{"a":0,"k":0,"ix":10},"sa":{"a":0,"k":0},"o":{"a":0,"k":100,"ix":11}},"ef":[],"shapes":[{"ty":"gr","bm":0,"cl":"","ln":"","hd":false,"mn":"ADBE Vector Group","nm":"Group 1","ix":1,"cix":2,"np":2,"it":[{"ty":"sh","bm":0,"cl":"","ln":"","hd":false,"mn":"ADBE Vector Shape - Group","nm":"Path 1","ix":1,"d":1,"ks":{"a":0,"k":{"c":true,"i":[[1.855,0],[0,0],[-0.679,2.648],[0,0],[-1.855,0],[0,0],[0.679,-2.648],[0,0]],"o":[[0,0],[-2.675,0],[0,0],[0.471,-1.836],[0,0],[2.675,0],[0,0],[-0.471,1.836]],"v":[[80.53,86.388],[-122.711,86.388],[-126.658,81.151],[-84.477,-83.272],[-80.53,-86.388],[122.711,-86.388],[126.658,-81.151],[84.477,83.272]]},"ix":2}},{"ty":"fl","bm":0,"cl":"","ln":"","hd":false,"mn":"ADBE Vector Graphic - Fill","nm":"Fill 1","c":{"a":0,"k":[0,0,0],"ix":4},"r":1,"o":{"a":0,"k":100,"ix":5}},{"ty":"tr","a":{"a":0,"k":[0,0],"ix":1},"s":{"a":0,"k":[100,100],"ix":3},"sk":{"a":0,"k":0,"ix":4},"p":{"a":0,"k":[675.216,621.911],"ix":2},"r":{"a":0,"k":0,"ix":6},"sa":{"a":0,"k":0,"ix":5},"o":{"a":0,"k":100,"ix":7}}]},{"ty":"gr","bm":0,"cl":"","ln":"","hd":false,"mn":"ADBE Vector Group","nm":"Group 2","ix":2,"cix":2,"np":2,"it":[{"ty":"sh","bm":0,"cl":"","ln":"","hd":false,"mn":"ADBE Vector Shape - Group","nm":"Path 1","ix":1,"d":1,"ks":{"a":0,"k":{"c":true,"i":[[1.4,0],[0,0],[-0.513,1.999],[0,0],[-1.4,0],[0,0],[0.513,-1.999],[0,0]],"o":[[0,0],[-2.02,0],[0,0],[0.356,-1.386],[0,0],[2.02,0],[0,0],[-0.356,1.386]],"v":[[81.301,86.388],[-124.007,86.388],[-126.987,82.434],[-84.281,-84.035],[-81.301,-86.388],[124.007,-86.388],[126.987,-82.434],[84.281,84.035]]},"ix":2}},{"ty":"fl","bm":0,"cl":"","ln":"","hd":false,"mn":"ADBE Vector Graphic - Fill","nm":"Fill 1","c":{"a":0,"k":[0,0,0],"ix":4},"r":1,"o":{"a":0,"k":100,"ix":5}},{"ty":"tr","a":{"a":0,"k":[0,0],"ix":1},"s":{"a":0,"k":[100,100],"ix":3},"sk":{"a":0,"k":0,"ix":4},"p":{"a":0,"k":[679.115,621.911],"ix":2},"r":{"a":0,"k":0,"ix":6},"sa":{"a":0,"k":0,"ix":5},"o":{"a":0,"k":100,"ix":7}}]}],"ind":29,"parent":31},{"ty":4,"nm":"keyboard 2","mn":"","sr":1,"st":0,"op":132.5,"ip":0,"hd":false,"cl":"","ln":"","ddd":0,"bm":0,"hasMask":false,"ao":0,"ks":{"a":{"a":0,"k":[0,0,0],"ix":1},"s":{"a":0,"k":[100,100,100],"ix":6},"sk":{"a":0,"k":0},"p":{"a":0,"k":[132.201,0.489,0],"ix":2},"r":{"a":0,"k":0,"ix":10},"sa":{"a":0,"k":0},"o":{"a":0,"k":100,"ix":11}},"ef":[],"shapes":[{"ty":"gr","bm":0,"cl":"","ln":"","hd":false,"mn":"ADBE Vector Group","nm":"Group 1","ix":1,"cix":2,"np":2,"it":[{"ty":"sh","bm":0,"cl":"","ln":"","hd":false,"mn":"ADBE Vector Shape - Group","nm":"Path 1","ix":1,"d":1,"ks":{"a":0,"k":{"c":true,"i":[[1.83,0],[0,0],[0,1.83],[0,0],[-1.83,0],[0,0],[0,-1.83],[0,0]],"o":[[0,0],[-1.83,0],[0,0],[0,-1.83],[0,0],[1.83,0],[0,0],[0,1.83]],"v":[[9.388,3.313],[-9.388,3.313],[-12.701,0],[-12.701,0],[-9.388,-3.313],[9.388,-3.313],[12.701,0],[12.701,0]]},"ix":2}},{"ty":"fl","bm":0,"cl":"","ln":"","hd":false,"mn":"ADBE Vector Graphic - Fill","nm":"Fill 1","c":{"a":0,"k":[0,0,0],"ix":4},"r":1,"o":{"a":0,"k":100,"ix":5}},{"ty":"tr","a":{"a":0,"k":[0,0],"ix":1},"s":{"a":0,"k":[100,100],"ix":3},"sk":{"a":0,"k":0,"ix":4},"p":{"a":0,"k":[0,0],"ix":2},"r":{"a":0,"k":0,"ix":6},"sa":{"a":0,"k":0,"ix":5},"o":{"a":0,"k":100,"ix":7}}]}],"ind":30,"parent":31},{"ty":4,"nm":"keyboard","mn":"","sr":1,"st":0,"op":132.5,"ip":0,"hd":false,"cl":"","ln":"","ddd":0,"bm":0,"hasMask":false,"ao":0,"ks":{"a":{"a":0,"k":[0,0,0],"ix":1},"s":{"a":1,"k":[{"o":{"x":1,"y":0},"i":{"x":0,"y":1},"s":[100,100,100],"t":15},{"o":{"x":1,"y":0},"i":{"x":0,"y":1},"s":[104.747,100,100],"t":25},{"o":{"x":0.167,"y":0.167},"i":{"x":0.833,"y":0.833},"s":[100,100,100],"t":30}],"ix":6},"sk":{"a":0,"k":0},"p":{"a":1,"k":[{"o":{"x":0.77,"y":0},"i":{"x":0.23,"y":1},"s":[160.246,295.641,0],"t":15,"ti":[-2.5,0,0],"to":[2.5,0,0]},{"o":{"x":0.167,"y":0.167},"i":{"x":0.833,"y":0.833},"s":[175.246,295.641,0],"t":30}],"ix":2},"r":{"a":0,"k":0,"ix":10},"sa":{"a":0,"k":0},"o":{"a":0,"k":100,"ix":11}},"ef":[],"shapes":[{"ty":"gr","bm":0,"cl":"","ln":"","hd":false,"mn":"ADBE Vector Group","nm":"Group 1","ix":1,"cix":2,"np":2,"it":[{"ty":"sh","bm":0,"cl":"","ln":"","hd":false,"mn":"ADBE Vector Shape - Group","nm":"Path 1","ix":1,"d":1,"ks":{"a":0,"k":{"c":true,"i":[[1.454,0],[0,0],[0,1.454],[0,0],[-1.454,0],[0,0],[0,-1.454],[0,0]],"o":[[0,0],[-1.454,0],[0,0],[0,-1.454],[0,0],[1.454,0],[0,0],[0,1.454]],"v":[[148.664,8.6],[-148.664,8.6],[-151.297,5.967],[-151.297,-5.967],[-148.664,-8.6],[148.664,-8.6],[151.297,-5.967],[151.297,5.967]]},"ix":2}},{"ty":"fl","bm":0,"cl":"","ln":"","hd":false,"mn":"ADBE Vector Graphic - Fill","nm":"Fill 1","c":{"a":0,"k":[0,0,0],"ix":4},"r":1,"o":{"a":0,"k":100,"ix":5}},{"ty":"tr","a":{"a":0,"k":[0,0],"ix":1},"s":{"a":0,"k":[100,100],"ix":3},"sk":{"a":0,"k":0,"ix":4},"p":{"a":0,"k":[0,0],"ix":2},"r":{"a":0,"k":0,"ix":6},"sa":{"a":0,"k":0,"ix":5},"o":{"a":0,"k":100,"ix":7}}]}],"ind":31,"parent":50},{"ty":4,"nm":"sideHair_line_01","mn":"","sr":1,"st":0,"op":132.5,"ip":0,"hd":false,"cl":"","ln":"","ddd":0,"bm":0,"hasMask":false,"ao":0,"ks":{"a":{"a":0,"k":[0,0,0],"ix":1},"s":{"a":0,"k":[68.966,69.93,100],"ix":6},"sk":{"a":0,"k":0},"p":{"a":0,"k":[3.408,8.594,0],"ix":2},"r":{"a":0,"k":0,"ix":10},"sa":{"a":0,"k":0},"o":{"a":0,"k":100,"ix":11}},"ef":[],"shapes":[{"ty":"gr","bm":0,"cl":"","ln":"","hd":false,"mn":"ADBE Vector Group","nm":"Group 1","ix":1,"cix":2,"np":2,"it":[{"ty":"sh","bm":0,"cl":"","ln":"","hd":false,"mn":"ADBE Vector Shape - Group","nm":"Path 1","ix":1,"d":1,"ks":{"a":1,"k":[{"o":{"x":0.167,"y":0.167},"i":{"x":0.833,"y":0.833},"s":[{"c":false,"i":[[13.581,4.091],[-0.405,-0.039]],"o":[[-17.617,-3.748],[0,0]],"v":[[15.69,1.786],[-20.358,3.094]]}],"t":0},{"o":{"x":0.167,"y":0.167},"i":{"x":0.833,"y":0.833},"s":[{"c":false,"i":[[13.581,4.091],[-0.405,-0.039]],"o":[[-15.871,-5.563],[0,0]],"v":[[15.69,1.786],[-15.683,-1.153]]}],"t":10}],"ix":2}},{"ty":"st","bm":0,"cl":"","ln":"","hd":false,"mn":"ADBE Vector Graphic - Stroke","nm":"Stroke 1","lc":2,"lj":1,"ml":10,"o":{"a":0,"k":100,"ix":4},"w":{"a":0,"k":2,"ix":5},"d":[],"c":{"a":0,"k":[0,0,0],"ix":3}},{"ty":"tr","a":{"a":0,"k":[0,0],"ix":1},"s":{"a":0,"k":[100,100],"ix":3},"sk":{"a":0,"k":0,"ix":4},"p":{"a":0,"k":[0,0],"ix":2},"r":{"a":0,"k":0,"ix":6},"sa":{"a":0,"k":0,"ix":5},"o":{"a":0,"k":100,"ix":7}}]}],"ind":32,"parent":4},{"ty":4,"nm":"sideHair_line_02","mn":"","sr":1,"st":0,"op":132.5,"ip":0,"hd":false,"cl":"","ln":"","ddd":0,"bm":0,"hasMask":false,"ao":0,"ks":{"a":{"a":0,"k":[0,0,0],"ix":1},"s":{"a":0,"k":[68.966,69.93,100],"ix":6},"sk":{"a":0,"k":0},"p":{"a":0,"k":[3.283,23.287,0],"ix":2},"r":{"a":0,"k":0,"ix":10},"sa":{"a":0,"k":0},"o":{"a":0,"k":100,"ix":11}},"ef":[],"shapes":[{"ty":"gr","bm":0,"cl":"","ln":"","hd":false,"mn":"ADBE Vector Group","nm":"Group 1","ix":1,"cix":2,"np":2,"it":[{"ty":"sh","bm":0,"cl":"","ln":"","hd":false,"mn":"ADBE Vector Shape - Group","nm":"Path 1","ix":1,"d":1,"ks":{"a":1,"k":[{"o":{"x":0.167,"y":0.167},"i":{"x":0.833,"y":0.833},"s":[{"c":false,"i":[[0,0],[7.584,-1.79]],"o":[[-6.702,-1.873],[0,0]],"v":[[10.472,1.065],[-14.914,2.201]]}],"t":0},{"o":{"x":0.167,"y":0.167},"i":{"x":0.833,"y":0.833},"s":[{"c":false,"i":[[0,0],[7.339,-0.037]],"o":[[-6.702,-1.873],[0,0]],"v":[[10.472,1.065],[-10.472,-1.062]]}],"t":10}],"ix":2}},{"ty":"st","bm":0,"cl":"","ln":"","hd":false,"mn":"ADBE Vector Graphic - Stroke","nm":"Stroke 1","lc":2,"lj":1,"ml":10,"o":{"a":0,"k":100,"ix":4},"w":{"a":0,"k":2,"ix":5},"d":[],"c":{"a":0,"k":[0,0,0],"ix":3}},{"ty":"tr","a":{"a":0,"k":[0,0],"ix":1},"s":{"a":0,"k":[100,100],"ix":3},"sk":{"a":0,"k":0,"ix":4},"p":{"a":0,"k":[0,0],"ix":2},"r":{"a":0,"k":0,"ix":6},"sa":{"a":0,"k":0,"ix":5},"o":{"a":0,"k":100,"ix":7}}]}],"ind":33,"parent":4},{"ty":4,"nm":"topHair_line","mn":"","sr":1,"st":0,"op":132.5,"ip":0,"hd":false,"cl":"","ln":"","ddd":0,"bm":0,"hasMask":false,"ao":0,"ks":{"a":{"a":0,"k":[0,0,0],"ix":1},"s":{"a":0,"k":[68.966,69.93,100],"ix":6},"sk":{"a":0,"k":0},"p":{"a":0,"k":[83.443,-17.16,0],"ix":2},"r":{"a":0,"k":0,"ix":10},"sa":{"a":0,"k":0},"o":{"a":0,"k":100,"ix":11}},"ef":[],"shapes":[{"ty":"gr","bm":0,"cl":"","ln":"","hd":false,"mn":"ADBE Vector Group","nm":"Group 1","ix":1,"cix":2,"np":2,"it":[{"ty":"sh","bm":0,"cl":"","ln":"","hd":false,"mn":"ADBE Vector Shape - Group","nm":"Path 1","ix":1,"d":1,"ks":{"a":1,"k":[{"o":{"x":0.167,"y":0.167},"i":{"x":0.833,"y":0.833},"s":[{"c":false,"i":[[0,0],[1.586,10.096]],"o":[[4.139,-9.766],[0,0]],"v":[[3.161,15.531],[7.251,-14.248]]}],"t":0},{"o":{"x":0.167,"y":0.167},"i":{"x":0.833,"y":0.833},"s":[{"c":false,"i":[[0,0],[1.586,10.096]],"o":[[4.139,-9.766],[0,0]],"v":[[-2.352,14.889],[1.739,-14.889]]}],"t":10},{"o":{"x":0.167,"y":0.167},"i":{"x":0.833,"y":0.833},"s":[{"c":false,"i":[[0,0],[1.586,10.096]],"o":[[7.017,-9.133],[0,0]],"v":[[18.368,12.733],[25.687,-17.664]]}],"t":26.002},{"o":{"x":0.167,"y":0.167},"i":{"x":0.833,"y":0.833},"s":[{"c":false,"i":[[0,0],[5.775,10.573]],"o":[[12.656,-9.162],[0,0]],"v":[[23.324,15.962],[29.298,-14.178]]}],"t":31.002},{"o":{"x":0.167,"y":0.167},"i":{"x":0.833,"y":0.833},"s":[{"c":false,"i":[[0,0],[1.586,10.096]],"o":[[4.139,-9.766],[0,0]],"v":[[-2.352,14.889],[1.739,-14.889]]}],"t":38}],"ix":2}},{"ty":"st","bm":0,"cl":"","ln":"","hd":false,"mn":"ADBE Vector Graphic - Stroke","nm":"Stroke 1","lc":2,"lj":1,"ml":10,"o":{"a":0,"k":100,"ix":4},"w":{"a":0,"k":2,"ix":5},"d":[],"c":{"a":0,"k":[0,0,0],"ix":3}},{"ty":"tr","a":{"a":0,"k":[0,0],"ix":1},"s":{"a":0,"k":[100,100],"ix":3},"sk":{"a":0,"k":0,"ix":4},"p":{"a":0,"k":[0,0],"ix":2},"r":{"a":0,"k":0,"ix":6},"sa":{"a":0,"k":0,"ix":5},"o":{"a":0,"k":100,"ix":7}}]}],"ind":34,"parent":4},{"ty":4,"nm":"R_eyebrow","mn":"","sr":1,"st":0,"op":132.5,"ip":0,"hd":false,"cl":"","ln":"","ddd":0,"bm":0,"hasMask":false,"ao":0,"ks":{"a":{"a":0,"k":[0,0,0],"ix":1},"s":{"a":0,"k":[100,100,100],"ix":6},"sk":{"a":0,"k":0},"p":{"a":1,"k":[{"o":{"x":0.71,"y":0},"i":{"x":0.29,"y":1},"s":[28.059,3.216,0],"t":15,"ti":[0,1.667,0],"to":[0,-1.667,0]},{"o":{"x":0.167,"y":0.167},"i":{"x":0.833,"y":0.833},"s":[28.059,-6.784,0],"t":25}],"ix":2},"r":{"a":0,"k":0,"ix":10},"sa":{"a":0,"k":0},"o":{"a":0,"k":100,"ix":11}},"ef":[],"shapes":[{"ty":"gr","bm":0,"cl":"","ln":"","hd":false,"mn":"ADBE Vector Group","nm":"Group 1","ix":1,"cix":2,"np":2,"it":[{"ty":"sh","bm":0,"cl":"","ln":"","hd":false,"mn":"ADBE Vector Shape - Group","nm":"Path 1","ix":1,"d":1,"ks":{"a":0,"k":{"c":false,"i":[[0,0],[5.123,-2.552]],"o":[[-5.714,0.15],[0,0]],"v":[[7.375,-1.729],[-7.375,1.729]]},"ix":2}},{"ty":"st","bm":0,"cl":"","ln":"","hd":false,"mn":"ADBE Vector Graphic - Stroke","nm":"Stroke 1","lc":2,"lj":1,"ml":10,"o":{"a":0,"k":100,"ix":4},"w":{"a":0,"k":4.738,"ix":5},"d":[],"c":{"a":0,"k":[0,0,0],"ix":3}},{"ty":"tr","a":{"a":0,"k":[0,0],"ix":1},"s":{"a":0,"k":[100,100],"ix":3},"sk":{"a":0,"k":0,"ix":4},"p":{"a":0,"k":[0,0],"ix":2},"r":{"a":0,"k":0,"ix":6},"sa":{"a":0,"k":0,"ix":5},"o":{"a":0,"k":100,"ix":7}}]}],"ind":35,"parent":3},{"ty":4,"nm":"L_eyebrow","mn":"","sr":1,"st":0,"op":132.5,"ip":0,"hd":false,"cl":"","ln":"","ddd":0,"bm":0,"hasMask":false,"ao":0,"ks":{"a":{"a":0,"k":[0,0,0],"ix":1},"s":{"a":0,"k":[100,100,100],"ix":6},"sk":{"a":0,"k":0},"p":{"a":1,"k":[{"o":{"x":0.71,"y":0},"i":{"x":0.29,"y":1},"s":[93.483,2.676,0],"t":15,"ti":[0,1.667,0],"to":[0,-1.667,0]},{"o":{"x":0.167,"y":0.167},"i":{"x":0.833,"y":0.833},"s":[93.483,-7.324,0],"t":25}],"ix":2},"r":{"a":0,"k":0,"ix":10},"sa":{"a":0,"k":0},"o":{"a":0,"k":100,"ix":11}},"ef":[],"shapes":[{"ty":"gr","bm":0,"cl":"","ln":"","hd":false,"mn":"ADBE Vector Group","nm":"Group 1","ix":1,"cix":2,"np":2,"it":[{"ty":"sh","bm":0,"cl":"","ln":"","hd":false,"mn":"ADBE Vector Shape - Group","nm":"Path 1","ix":1,"d":1,"ks":{"a":0,"k":{"c":false,"i":[[0,0],[5.71,-0.392]],"o":[[-5.334,-2.053],[0,0]],"v":[[7.474,1.28],[-7.474,-1.183]]},"ix":2}},{"ty":"st","bm":0,"cl":"","ln":"","hd":false,"mn":"ADBE Vector Graphic - Stroke","nm":"Stroke 1","lc":2,"lj":1,"ml":10,"o":{"a":0,"k":100,"ix":4},"w":{"a":0,"k":4.738,"ix":5},"d":[],"c":{"a":0,"k":[0,0,0],"ix":3}},{"ty":"tr","a":{"a":0,"k":[0,0],"ix":1},"s":{"a":0,"k":[100,100],"ix":3},"sk":{"a":0,"k":0,"ix":4},"p":{"a":0,"k":[0,0],"ix":2},"r":{"a":0,"k":0,"ix":6},"sa":{"a":0,"k":0,"ix":5},"o":{"a":0,"k":100,"ix":7}}]}],"ind":36,"parent":3},{"ty":4,"nm":"smile","mn":"","sr":1,"st":0,"op":132.5,"ip":0,"hd":false,"cl":"","ln":"","ddd":0,"bm":0,"hasMask":false,"ao":0,"ks":{"a":{"a":0,"k":[0,0,0],"ix":1},"s":{"a":0,"k":[100,100,100],"ix":6},"sk":{"a":0,"k":0},"p":{"a":0,"k":[45.674,79.106,0],"ix":2},"r":{"a":0,"k":0,"ix":10},"sa":{"a":0,"k":0},"o":{"a":0,"k":100,"ix":11}},"ef":[],"shapes":[{"ty":"gr","bm":0,"cl":"","ln":"","hd":false,"mn":"ADBE Vector Group","nm":"Group 1","ix":1,"cix":2,"np":2,"it":[{"ty":"sh","bm":0,"cl":"","ln":"","hd":false,"mn":"ADBE Vector Shape - Group","nm":"Path 1","ix":1,"d":1,"ks":{"a":1,"k":[{"o":{"x":0.167,"y":0.167},"i":{"x":0.833,"y":0.833},"s":[{"c":false,"i":[[0,0],[-14.89,2.782]],"o":[[0,19.471],[0,0]],"v":[[-7.813,-8.118],[13.46,15.886]]}],"t":0},{"o":{"x":0.167,"y":0.167},"i":{"x":0.833,"y":0.833},"s":[{"c":false,"i":[[0,0],[-14.89,2.782]],"o":[[0,19.471],[0,0]],"v":[[-13.908,-13.407],[13.908,12.936]]}],"t":10}],"ix":2}},{"ty":"st","bm":0,"cl":"","ln":"","hd":false,"mn":"ADBE Vector Graphic - Stroke","nm":"Stroke 1","lc":2,"lj":1,"ml":10,"o":{"a":0,"k":100,"ix":4},"w":{"a":0,"k":2,"ix":5},"d":[],"c":{"a":0,"k":[0,0,0],"ix":3}},{"ty":"tr","a":{"a":0,"k":[0,0],"ix":1},"s":{"a":0,"k":[100,100],"ix":3},"sk":{"a":0,"k":0,"ix":4},"p":{"a":0,"k":[0,0],"ix":2},"r":{"a":0,"k":0,"ix":6},"sa":{"a":0,"k":0,"ix":5},"o":{"a":0,"k":100,"ix":7}}]},{"ty":"tm","bm":0,"cl":"","ln":"","hd":false,"mn":"ADBE Vector Filter - Trim","nm":"Trim Paths 1","ix":2,"e":{"a":0,"k":100,"ix":2},"o":{"a":0,"k":0,"ix":3},"s":{"a":1,"k":[{"o":{"x":0.333,"y":0},"i":{"x":0.667,"y":1},"s":[48],"t":0},{"o":{"x":0.167,"y":0.167},"i":{"x":0.833,"y":0.833},"s":[0],"t":10}],"ix":1},"m":1}],"ind":37,"parent":3},{"ty":4,"nm":"nose","mn":"","sr":1,"st":0,"op":132.5,"ip":0,"hd":false,"cl":"","ln":"","ddd":0,"bm":0,"hasMask":false,"ao":0,"ks":{"a":{"a":0,"k":[-11.991,-23.581,0],"ix":1},"s":{"a":0,"k":[100,100,100],"ix":6},"sk":{"a":0,"k":0},"p":{"a":0,"k":[59.979,32.405,0],"ix":2},"r":{"a":1,"k":[{"o":{"x":0.167,"y":0.167},"i":{"x":0.833,"y":0.833},"s":[-6],"t":0},{"o":{"x":0.167,"y":0.167},"i":{"x":0.833,"y":0.833},"s":[0],"t":10}],"ix":10},"sa":{"a":0,"k":0},"o":{"a":0,"k":100,"ix":11}},"ef":[],"shapes":[{"ty":"gr","bm":0,"cl":"","ln":"","hd":false,"mn":"ADBE Vector Group","nm":"Group 1","ix":1,"cix":2,"np":2,"it":[{"ty":"sh","bm":0,"cl":"","ln":"","hd":false,"mn":"ADBE Vector Shape - Group","nm":"Path 1","ix":1,"d":1,"ks":{"a":1,"k":[{"o":{"x":0.167,"y":0.167},"i":{"x":0.833,"y":0.833},"s":[{"c":true,"i":[[0.327,-5.89],[-1.427,-0.762],[10.308,8.181],[2.127,5.89]],"o":[[0.818,36.815],[9.483,5.064],[-10.308,-8.181],[-1.636,-4.581]],"v":[[-19.599,-22.717],[-0.291,25.878],[9.035,10.988],[-11.908,-24.354]]}],"t":0},{"o":{"x":0.167,"y":0.167},"i":{"x":0.833,"y":0.833},"s":[{"c":true,"i":[[0.327,-5.89],[-1.427,-0.762],[10.308,8.181],[2.127,5.89]],"o":[[0.818,36.815],[9.483,5.064],[-10.308,-8.181],[-1.636,-4.581]],"v":[[-16.479,-22.52],[2.829,26.076],[12.155,11.186],[-8.789,-24.156]]}],"t":10}],"ix":2}},{"ty":"fl","bm":0,"cl":"","ln":"","hd":false,"mn":"ADBE Vector Graphic - Fill","nm":"Fill 1","c":{"a":0,"k":[0.9882,0.9882,0.9882],"ix":4},"r":1,"o":{"a":0,"k":100,"ix":5}},{"ty":"tr","a":{"a":0,"k":[0,0],"ix":1},"s":{"a":0,"k":[100,100],"ix":3},"sk":{"a":0,"k":0,"ix":4},"p":{"a":0,"k":[0,0],"ix":2},"r":{"a":0,"k":0,"ix":6},"sa":{"a":0,"k":0,"ix":5},"o":{"a":0,"k":100,"ix":7}}]}],"ind":38,"parent":3},{"ty":4,"nm":"R_eye","mn":"","sr":1,"st":0,"op":132.5,"ip":0,"hd":false,"cl":"","ln":"","ddd":0,"bm":0,"hasMask":false,"ao":0,"ks":{"a":{"a":0,"k":[0,0,0],"ix":1},"s":{"a":1,"k":[{"h":1,"s":[100,116,100],"t":0},{"h":1,"s":[100,27,100],"t":5},{"h":1,"s":[100,116,100],"t":20}],"ix":6},"sk":{"a":0,"k":0},"p":{"a":1,"k":[{"o":{"x":0.433,"y":0},"i":{"x":0.754,"y":0.847},"s":[79.492,33.395,0],"t":0,"ti":[0.546,-0.009,0],"to":[-0.271,0.005,0]},{"o":{"x":0.619,"y":0.303},"i":{"x":0.762,"y":0.857},"s":[76.675,37.384,0],"t":5,"ti":[0.979,-0.017,0],"to":[-1.976,0.034,0]},{"o":{"x":0.167,"y":0.167},"i":{"x":0.833,"y":0.833},"s":[71.993,33.524,0],"t":10}],"ix":2},"r":{"a":0,"k":0,"ix":10},"sa":{"a":0,"k":0},"o":{"a":0,"k":100,"ix":11}},"ef":[],"shapes":[{"ty":"gr","bm":0,"cl":"","ln":"","hd":false,"mn":"ADBE Vector Group","nm":"Group 1","ix":1,"cix":2,"np":2,"it":[{"ty":"sh","bm":0,"cl":"","ln":"","hd":false,"mn":"ADBE Vector Shape - Group","nm":"Path 1","ix":1,"d":1,"ks":{"a":0,"k":{"c":true,"i":[[0,-3.965],[2.833,0],[0,3.965],[-2.833,0]],"o":[[0,3.965],[-2.833,0],[0,-3.965],[2.833,0]],"v":[[5.13,0],[0,7.179],[-5.13,0],[0,-7.179]]},"ix":2}},{"ty":"fl","bm":0,"cl":"","ln":"","hd":false,"mn":"ADBE Vector Graphic - Fill","nm":"Fill 1","c":{"a":0,"k":[0,0,0],"ix":4},"r":1,"o":{"a":0,"k":100,"ix":5}},{"ty":"tr","a":{"a":0,"k":[0,0],"ix":1},"s":{"a":0,"k":[100,100],"ix":3},"sk":{"a":0,"k":0,"ix":4},"p":{"a":0,"k":[0,0],"ix":2},"r":{"a":0,"k":0,"ix":6},"sa":{"a":0,"k":0,"ix":5},"o":{"a":0,"k":100,"ix":7}}]}],"ind":39,"parent":3},{"ty":4,"nm":"L_eye","mn":"","sr":1,"st":0,"op":132.5,"ip":0,"hd":false,"cl":"","ln":"","ddd":0,"bm":0,"hasMask":false,"ao":0,"ks":{"a":{"a":0,"k":[0,0,0],"ix":1},"s":{"a":1,"k":[{"h":1,"s":[100,116,100],"t":0},{"h":1,"s":[100,27,100],"t":5},{"h":1,"s":[100,116,100],"t":20}],"ix":6},"sk":{"a":0,"k":0},"p":{"a":1,"k":[{"o":{"x":0.433,"y":0},"i":{"x":0.754,"y":0.847},"s":[36.075,33.399,0],"t":0,"ti":[0.546,-0.009,0],"to":[-0.271,0.005,0]},{"o":{"x":0.619,"y":0.303},"i":{"x":0.762,"y":0.857},"s":[33.258,37.388,0],"t":5,"ti":[0.979,-0.017,0],"to":[-1.976,0.034,0]},{"o":{"x":0.167,"y":0.167},"i":{"x":0.833,"y":0.833},"s":[28.576,33.527,0],"t":10}],"ix":2},"r":{"a":0,"k":0,"ix":10},"sa":{"a":0,"k":0},"o":{"a":0,"k":100,"ix":11}},"ef":[],"shapes":[{"ty":"gr","bm":0,"cl":"","ln":"","hd":false,"mn":"ADBE Vector Group","nm":"Group 1","ix":1,"cix":2,"np":2,"it":[{"ty":"sh","bm":0,"cl":"","ln":"","hd":false,"mn":"ADBE Vector Shape - Group","nm":"Path 1","ix":1,"d":1,"ks":{"a":0,"k":{"c":true,"i":[[0,-3.965],[3.027,0],[0,3.965],[-3.027,0]],"o":[[0,3.965],[-3.027,0],[0,-3.965],[3.027,0]],"v":[[5.481,0],[0,7.179],[-5.481,0],[0,-7.179]]},"ix":2}},{"ty":"fl","bm":0,"cl":"","ln":"","hd":false,"mn":"ADBE Vector Graphic - Fill","nm":"Fill 1","c":{"a":0,"k":[0,0,0],"ix":4},"r":1,"o":{"a":0,"k":100,"ix":5}},{"ty":"tr","a":{"a":0,"k":[0,0],"ix":1},"s":{"a":0,"k":[100,100],"ix":3},"sk":{"a":0,"k":0,"ix":4},"p":{"a":0,"k":[0,0],"ix":2},"r":{"a":0,"k":0,"ix":6},"sa":{"a":0,"k":0,"ix":5},"o":{"a":0,"k":100,"ix":7}}]}],"ind":40,"parent":3},{"ty":4,"nm":"micEar","mn":"","sr":1,"st":0,"op":132.5,"ip":0,"hd":false,"cl":"","ln":"","ddd":0,"bm":0,"hasMask":false,"ao":0,"ks":{"a":{"a":0,"k":[0,0,0],"ix":1},"s":{"a":0,"k":[100,100,100],"ix":6},"sk":{"a":0,"k":0},"p":{"a":0,"k":[-0.704,7.234,0],"ix":2},"r":{"a":0,"k":0,"ix":10},"sa":{"a":0,"k":0},"o":{"a":0,"k":100,"ix":11}},"ef":[],"shapes":[{"ty":"gr","bm":0,"cl":"","ln":"","hd":false,"mn":"ADBE Vector Group","nm":"Group 1","ix":1,"cix":2,"np":2,"it":[{"ty":"sh","bm":0,"cl":"","ln":"","hd":false,"mn":"ADBE Vector Shape - Group","nm":"Path 1","ix":1,"d":1,"ks":{"a":1,"k":[{"o":{"x":0.167,"y":0.167},"i":{"x":0.833,"y":0.833},"s":[{"c":true,"i":[[0,0],[2.795,1.026],[0,0],[-0.082,8.099],[-8.508,-2.209]],"o":[[-2.116,1.426],[0,0],[0,0],[-0.164,-7.199],[0,0]],"v":[[12.695,15.48],[5.331,16.091],[4.303,2.658],[-4.202,-7.387],[10.524,-16.795]]}],"t":0},{"o":{"x":0.167,"y":0.167},"i":{"x":0.833,"y":0.833},"s":[{"c":true,"i":[[0,0],[2.795,1.026],[0,0],[-0.082,8.099],[-8.508,-2.209]],"o":[[-2.116,1.426],[0,0],[0,0],[-0.164,-7.199],[0,0]],"v":[[8.45,15.798],[1.086,16.409],[0.058,2.976],[-8.447,-7.069],[6.279,-16.477]]}],"t":10}],"ix":2}},{"ty":"fl","bm":0,"cl":"","ln":"","hd":false,"mn":"ADBE Vector Graphic - Fill","nm":"Fill 1","c":{"a":0,"k":[1,1,1],"ix":4},"r":1,"o":{"a":0,"k":100,"ix":5}},{"ty":"tr","a":{"a":0,"k":[0,0],"ix":1},"s":{"a":0,"k":[100,100],"ix":3},"sk":{"a":0,"k":0,"ix":4},"p":{"a":0,"k":[0,0],"ix":2},"r":{"a":0,"k":0,"ix":6},"sa":{"a":0,"k":0,"ix":5},"o":{"a":0,"k":100,"ix":7}}]}],"ind":41,"parent":42},{"ty":4,"nm":"R_ear","mn":"","sr":1,"st":0,"op":132.5,"ip":0,"hd":false,"cl":"","ln":"","ddd":0,"bm":0,"hasMask":false,"ao":0,"ks":{"a":{"a":0,"k":[0,0,0],"ix":1},"s":{"a":0,"k":[68.966,69.93,100],"ix":6},"sk":{"a":0,"k":0},"p":{"a":0,"k":[3.331,52.922,0],"ix":2},"r":{"a":0,"k":0,"ix":10},"sa":{"a":0,"k":0},"o":{"a":0,"k":100,"ix":11}},"ef":[],"shapes":[{"ty":"gr","bm":0,"cl":"","ln":"","hd":false,"mn":"ADBE Vector Group","nm":"Group 1","ix":1,"cix":2,"np":2,"it":[{"ty":"sh","bm":0,"cl":"","ln":"","hd":false,"mn":"ADBE Vector Shape - Group","nm":"Path 1","ix":1,"d":1,"ks":{"a":1,"k":[{"o":{"x":0.167,"y":0.167},"i":{"x":0.833,"y":0.833},"s":[{"c":true,"i":[[-11.53,-0.28],[0,0],[0,0],[0,0],[0.28,-11.53],[0,0]],"o":[[0,0],[0,0],[0,0],[-11.53,-0.28],[0,0],[-0.28,11.53]],"v":[[6.183,20.937],[16.947,21.146],[16.579,-20.733],[4.446,-21.14],[-13.942,-1.067],[-13.911,1.02]]}],"t":0},{"o":{"x":0.167,"y":0.167},"i":{"x":0.833,"y":0.833},"s":[{"c":true,"i":[[-11.53,-0.28],[0,0],[0,0],[0,0],[0.28,-11.53],[0,0]],"o":[[0,0],[0,0],[0,0],[-11.53,-0.28],[0,0],[-0.28,11.53]],"v":[[3.429,20.739],[16.947,21.146],[16.579,-20.733],[4.446,-21.14],[-16.938,-0.77],[-16.941,-0.645]]}],"t":10}],"ix":2}},{"ty":"fl","bm":0,"cl":"","ln":"","hd":false,"mn":"ADBE Vector Graphic - Fill","nm":"Fill 1","c":{"a":0,"k":[0.9882,0.9882,0.9882],"ix":4},"r":1,"o":{"a":0,"k":100,"ix":5}},{"ty":"tr","a":{"a":0,"k":[0,0],"ix":1},"s":{"a":0,"k":[100,100],"ix":3},"sk":{"a":0,"k":0,"ix":4},"p":{"a":0,"k":[0,0],"ix":2},"r":{"a":0,"k":0,"ix":6},"sa":{"a":0,"k":0,"ix":5},"o":{"a":0,"k":100,"ix":7}}]}],"ind":42,"parent":4},{"ty":4,"nm":"glasses 4","mn":"","sr":1,"st":0,"op":132.5,"ip":0,"hd":false,"cl":"","ln":"","ddd":0,"bm":0,"hasMask":false,"ao":0,"ks":{"a":{"a":0,"k":[0,0,0],"ix":1},"s":{"a":0,"k":[100,100,100],"ix":6},"sk":{"a":0,"k":0},"p":{"a":0,"k":[56.96,24.438,0],"ix":2},"r":{"a":0,"k":0,"ix":10},"sa":{"a":0,"k":0},"o":{"a":0,"k":100,"ix":11}},"ef":[],"shapes":[{"ty":"gr","bm":0,"cl":"","ln":"","hd":false,"mn":"ADBE Vector Group","nm":"Group 1","ix":1,"cix":2,"np":2,"it":[{"ty":"sh","bm":0,"cl":"","ln":"","hd":false,"mn":"ADBE Vector Shape - Group","nm":"Path 1","ix":1,"d":1,"ks":{"a":0,"k":{"c":false,"i":[[0,0],[-4.555,0],[-1.961,-1.541]],"o":[[1.96,-3.999],[2.631,0],[0,0]],"v":[[-8.744,3.366],[1.722,-3.366],[8.744,-0.913]]},"ix":2}},{"ty":"st","bm":0,"cl":"","ln":"","hd":false,"mn":"ADBE Vector Graphic - Stroke","nm":"Stroke 1","lc":2,"lj":1,"ml":10,"o":{"a":0,"k":100,"ix":4},"w":{"a":0,"k":3,"ix":5},"d":[],"c":{"a":0,"k":[0,0,0],"ix":3}},{"ty":"tr","a":{"a":0,"k":[0,0],"ix":1},"s":{"a":0,"k":[100,100],"ix":3},"sk":{"a":0,"k":0,"ix":4},"p":{"a":0,"k":[0,0],"ix":2},"r":{"a":0,"k":0,"ix":6},"sa":{"a":0,"k":0,"ix":5},"o":{"a":0,"k":100,"ix":7}}]}],"ind":43,"parent":3},{"ty":4,"nm":"glasses 3","mn":"","sr":1,"st":0,"op":132.5,"ip":0,"hd":false,"cl":"","ln":"","ddd":0,"bm":0,"hasMask":false,"ao":0,"ks":{"a":{"a":0,"k":[0,0,0],"ix":1},"s":{"a":0,"k":[100,100,100],"ix":6},"sk":{"a":0,"k":0},"p":{"a":0,"k":[-17.601,34.197,0],"ix":2},"r":{"a":0,"k":0,"ix":10},"sa":{"a":0,"k":0},"o":{"a":0,"k":100,"ix":11}},"ef":[],"shapes":[{"ty":"gr","bm":0,"cl":"","ln":"","hd":false,"mn":"ADBE Vector Group","nm":"Group 1","ix":1,"cix":2,"np":2,"it":[{"ty":"sh","bm":0,"cl":"","ln":"","hd":false,"mn":"ADBE Vector Shape - Group","nm":"Path 1","ix":1,"d":1,"ks":{"a":1,"k":[{"o":{"x":0.167,"y":0.167},"i":{"x":0.833,"y":0.833},"s":[{"c":false,"i":[[0.409,0.409],[0,0],[-1.677,-7.731]],"o":[[-0.409,-0.409],[-6.586,1.677],[0,0]],"v":[[26.788,-12.512],[-34.731,5.833],[-42.902,18.863]]}],"t":0},{"o":{"x":0.167,"y":0.167},"i":{"x":0.833,"y":0.833},"s":[{"c":false,"i":[[0.409,0.409],[0,0],[-1.677,-7.731]],"o":[[-0.409,-0.409],[-6.586,1.677],[0,0]],"v":[[26.788,-12.512],[-13.357,-1.708],[-20.27,11.791]]}],"t":10}],"ix":2}},{"ty":"st","bm":0,"cl":"","ln":"","hd":false,"mn":"ADBE Vector Graphic - Stroke","nm":"Stroke 1","lc":2,"lj":1,"ml":10,"o":{"a":0,"k":100,"ix":4},"w":{"a":0,"k":3,"ix":5},"d":[],"c":{"a":0,"k":[0,0,0],"ix":3}},{"ty":"tr","a":{"a":0,"k":[0,0],"ix":1},"s":{"a":0,"k":[100,100],"ix":3},"sk":{"a":0,"k":0,"ix":4},"p":{"a":0,"k":[0,0],"ix":2},"r":{"a":0,"k":0,"ix":6},"sa":{"a":0,"k":0,"ix":5},"o":{"a":0,"k":100,"ix":7}}]}],"ind":44,"parent":3},{"ty":4,"nm":"glasses 2","mn":"","sr":1,"st":0,"op":132.5,"ip":0,"hd":false,"cl":"","ln":"","ddd":0,"bm":0,"hasMask":false,"ao":0,"ks":{"a":{"a":0,"k":[0,0,0],"ix":1},"s":{"a":0,"k":[100,100,100],"ix":6},"sk":{"a":0,"k":0},"p":{"a":0,"k":[84.943,33.466,0],"ix":2},"r":{"a":0,"k":0,"ix":10},"sa":{"a":0,"k":0},"o":{"a":0,"k":100,"ix":11}},"ef":[],"shapes":[{"ty":"gr","bm":0,"cl":"","ln":"","hd":false,"mn":"ADBE Vector Group","nm":"Group 1","ix":1,"cix":2,"np":2,"it":[{"ty":"sh","bm":0,"cl":"","ln":"","hd":false,"mn":"ADBE Vector Shape - Group","nm":"Path 1","ix":1,"d":1,"ks":{"a":0,"k":{"c":true,"i":[[0,-13.826],[11.567,0],[0,13.826],[-11.567,0]],"o":[[0,13.826],[-11.567,0],[0,-13.826],[11.567,0]],"v":[[20.943,0],[0,25.034],[-20.943,0],[0,-25.034]]},"ix":2}},{"ty":"fl","bm":0,"cl":"","ln":"","hd":false,"mn":"ADBE Vector Graphic - Fill","nm":"Fill 1","c":{"a":0,"k":[1,1,1],"ix":4},"r":1,"o":{"a":0,"k":100,"ix":5}},{"ty":"tr","a":{"a":0,"k":[0,0],"ix":1},"s":{"a":0,"k":[100,100],"ix":3},"sk":{"a":0,"k":0,"ix":4},"p":{"a":0,"k":[0,0],"ix":2},"r":{"a":0,"k":0,"ix":6},"sa":{"a":0,"k":0,"ix":5},"o":{"a":0,"k":100,"ix":7}}]}],"ind":45,"parent":3},{"ty":4,"nm":"glasses","mn":"","sr":1,"st":0,"op":132.5,"ip":0,"hd":false,"cl":"","ln":"","ddd":0,"bm":0,"hasMask":false,"ao":0,"ks":{"a":{"a":0,"k":[0,0,0],"ix":1},"s":{"a":0,"k":[100,100,100],"ix":6},"sk":{"a":0,"k":0},"p":{"a":0,"k":[27.594,33.63,0],"ix":2},"r":{"a":0,"k":0,"ix":10},"sa":{"a":0,"k":0},"o":{"a":0,"k":100,"ix":11}},"ef":[],"shapes":[{"ty":"gr","bm":0,"cl":"","ln":"","hd":false,"mn":"ADBE Vector Group","nm":"Group 1","ix":1,"cix":2,"np":2,"it":[{"ty":"sh","bm":0,"cl":"","ln":"","hd":false,"mn":"ADBE Vector Shape - Group","nm":"Path 1","ix":1,"d":1,"ks":{"a":0,"k":{"c":true,"i":[[0,-13.826],[11.702,0],[0,13.826],[-11.702,0]],"o":[[0,13.826],[-11.702,0],[0,-13.826],[11.702,0]],"v":[[21.189,0],[0,25.034],[-21.189,0],[0,-25.034]]},"ix":2}},{"ty":"fl","bm":0,"cl":"","ln":"","hd":false,"mn":"ADBE Vector Graphic - Fill","nm":"Fill 1","c":{"a":0,"k":[1,1,1],"ix":4},"r":1,"o":{"a":0,"k":100,"ix":5}},{"ty":"tr","a":{"a":0,"k":[0,0],"ix":1},"s":{"a":0,"k":[100,100],"ix":3},"sk":{"a":0,"k":0,"ix":4},"p":{"a":0,"k":[0,0],"ix":2},"r":{"a":0,"k":0,"ix":6},"sa":{"a":0,"k":0,"ix":5},"o":{"a":0,"k":100,"ix":7}}]}],"ind":46,"parent":3},{"ty":4,"nm":"topHair","mn":"","sr":1,"st":0,"op":132.5,"ip":0,"hd":false,"cl":"","ln":"","ddd":0,"bm":0,"hasMask":false,"ao":0,"ks":{"a":{"a":0,"k":[0,0,0],"ix":1},"s":{"a":0,"k":[68.966,69.93,100],"ix":6},"sk":{"a":0,"k":0},"p":{"a":0,"k":[39.694,0.218,0],"ix":2},"r":{"a":0,"k":0,"ix":10},"sa":{"a":0,"k":0},"o":{"a":0,"k":100,"ix":11}},"ef":[],"shapes":[{"ty":"gr","bm":0,"cl":"","ln":"","hd":false,"mn":"ADBE Vector Group","nm":"Group 1","ix":1,"cix":2,"np":2,"it":[{"ty":"sh","bm":0,"cl":"","ln":"","hd":false,"mn":"ADBE Vector Shape - Group","nm":"Path 1","ix":1,"d":1,"ks":{"a":1,"k":[{"o":{"x":0.167,"y":0.167},"i":{"x":0.833,"y":0.833},"s":[{"c":true,"i":[[3.681,24.175],[1.309,-1.145],[-1.145,-6.381],[19.635,-13.131],[0,0],[7.324,-4.481],[0.859,-11.658],[0,0],[0,0],[0.77,11.687],[-18.373,-9.708]],"o":[[-3.272,-22.58],[-1.309,1.145],[0.165,0.825],[-6.995,5.645],[-10.667,-0.727],[-6.953,4.253],[-0.859,11.658],[0,0],[-0.07,-9.372],[34.302,-14.7],[0,0]],"v":[[82.397,-42.848],[46.337,-64.359],[42.221,-43.581],[-34.929,-33.518],[-43.174,-9.783],[-70.139,-0.634],[-82.901,21.823],[-66.703,64.814],[-22.466,47.521],[-25.041,13.255],[69.593,5.584]]}],"t":2.5},{"o":{"x":0.167,"y":0.167},"i":{"x":0.833,"y":0.833},"s":[{"c":true,"i":[[3.681,24.175],[1.309,-1.145],[-1.145,-6.381],[19.635,-13.131],[0,0],[12.925,-8.945],[0.859,-11.658],[0,0],[0,0],[2.596,7.029],[-27.325,-5.972]],"o":[[-3.272,-22.58],[-1.309,1.145],[0.165,0.825],[-6.995,5.645],[-10.667,-0.727],[-6.702,4.638],[-0.859,11.658],[0,0],[-1.244,-9.092],[32.888,-28.225],[0,0]],"v":[[82.397,-42.848],[49.875,-74.25],[50.693,-57.233],[-15.745,-57.96],[-28.631,-28.018],[-71.088,-6.311],[-82.901,21.823],[-66.703,64.814],[-33.938,49.189],[-38.846,24.277],[69.593,5.584]]}],"t":10},{"o":{"x":0.167,"y":0.167},"i":{"x":0.833,"y":0.833},"s":[{"c":true,"i":[[3.681,24.175],[1.309,-1.145],[-1.145,-6.381],[19.634,-13.131],[0,0],[12.925,-8.945],[0.859,-11.658],[0,0],[0,0],[2.596,7.029],[-27.325,-5.972]],"o":[[-3.272,-22.58],[-1.309,1.145],[0.165,0.825],[-6.995,5.645],[-10.667,-0.727],[-6.702,4.638],[-0.859,11.658],[0,0],[-1.244,-9.092],[32.888,-28.225],[0,0]],"v":[[87.307,-40.464],[61.843,-74.398],[64.595,-56.525],[8.094,-59.875],[-28.631,-28.018],[-71.088,-6.311],[-82.901,21.823],[-66.703,64.814],[-33.938,49.189],[-38.846,24.277],[69.593,5.584]]}],"t":20},{"o":{"x":0.167,"y":0.167},"i":{"x":0.833,"y":0.833},"s":[{"c":true,"i":[[3.681,24.175],[1.309,-1.145],[-1.145,-6.381],[19.634,-13.131],[0,0],[12.925,-8.945],[0.859,-11.658],[0,0],[0,0],[2.596,7.029],[-27.325,-5.972]],"o":[[-3.272,-22.58],[-1.309,1.145],[0.165,0.825],[-6.995,5.645],[-10.667,-0.727],[-6.702,4.638],[-0.859,11.658],[0,0],[-1.244,-9.092],[32.888,-28.225],[0,0]],"v":[[112.934,-28.674],[75.348,-64.757],[64.595,-56.525],[44.232,-38.273],[-28.631,-28.018],[-71.088,-6.311],[-82.901,21.823],[-66.703,64.814],[-33.938,49.189],[-38.846,24.277],[69.593,5.584]]}],"t":30},{"o":{"x":0.167,"y":0.167},"i":{"x":0.833,"y":0.833},"s":[{"c":true,"i":[[3.681,24.175],[1.309,-1.145],[-1.145,-6.381],[19.635,-13.131],[0,0],[12.925,-8.945],[0.859,-11.658],[0,0],[0,0],[2.596,7.029],[-27.325,-5.972]],"o":[[-3.272,-22.58],[-1.309,1.145],[0.165,0.825],[-6.995,5.645],[-10.667,-0.727],[-6.702,4.638],[-0.859,11.658],[0,0],[-1.244,-9.092],[32.888,-28.225],[0,0]],"v":[[79.117,-35.529],[5.003,-62.516],[-0.791,-50.519],[-26.916,-39.627],[-27.276,-21.383],[-70.681,-3.878],[-82.901,21.823],[-66.703,64.814],[-33.938,49.189],[-38.846,24.277],[69.593,5.584]]}],"t":37.5},{"o":{"x":0.167,"y":0.167},"i":{"x":0.833,"y":0.833},"s":[{"c":true,"i":[[3.681,24.175],[1.309,-1.145],[-1.145,-6.381],[19.635,-13.131],[0,0],[12.925,-8.945],[0.859,-11.658],[0,0],[0,0],[2.596,7.029],[-27.325,-5.972]],"o":[[-3.272,-22.58],[-1.309,1.145],[0.165,0.825],[-6.995,5.645],[-10.667,-0.727],[-6.702,4.638],[-0.859,11.658],[0,0],[-1.244,-9.092],[32.888,-28.225],[0,0]],"v":[[82.397,-42.848],[52.086,-64.446],[52.904,-47.43],[-12.585,-42.48],[-25.47,-12.537],[-70.139,-0.634],[-82.901,21.823],[-66.703,64.814],[-33.938,49.189],[-38.846,24.277],[69.593,5.584]]}],"t":50},{"o":{"x":0.167,"y":0.167},"i":{"x":0.833,"y":0.833},"s":[{"c":true,"i":[[3.681,24.175],[1.309,-1.145],[-1.145,-6.381],[19.635,-13.131],[0,0],[12.925,-8.945],[0.859,-11.658],[0,0],[0,0],[2.596,7.029],[-27.325,-5.972]],"o":[[-3.272,-22.58],[-1.309,1.145],[0.165,0.825],[-6.995,5.645],[-10.667,-0.727],[-6.702,4.638],[-0.859,11.658],[0,0],[-1.244,-9.092],[32.888,-28.225],[0,0]],"v":[[85.374,-43.215],[55.063,-64.813],[55.882,-47.796],[-2.104,-43.274],[-18.827,-15.828],[-70.139,-0.634],[-82.901,21.823],[-66.703,64.814],[-33.938,49.189],[-38.846,24.277],[69.593,5.584]]}],"t":61.25},{"o":{"x":0.167,"y":0.167},"i":{"x":0.833,"y":0.833},"s":[{"c":true,"i":[[3.681,24.175],[1.309,-1.145],[-1.145,-6.381],[19.635,-13.131],[0,0],[12.925,-8.945],[0.859,-11.658],[0,0],[0,0],[2.596,7.029],[-27.325,-5.972]],"o":[[-3.272,-22.58],[-1.309,1.145],[0.165,0.825],[-6.995,5.645],[-10.667,-0.727],[-6.702,4.638],[-0.859,11.658],[0,0],[-1.244,-9.092],[32.888,-28.225],[0,0]],"v":[[82.397,-42.848],[52.086,-64.446],[52.904,-47.43],[-12.585,-42.48],[-25.47,-12.537],[-70.139,-0.634],[-82.901,21.823],[-66.703,64.814],[-33.938,49.189],[-38.846,24.277],[69.593,5.584]]}],"t":72.5}],"ix":2}},{"ty":"fl","bm":0,"cl":"","ln":"","hd":false,"mn":"ADBE Vector Graphic - Fill","nm":"Fill 1","c":{"a":0,"k":[0,0,0],"ix":4},"r":1,"o":{"a":0,"k":100,"ix":5}},{"ty":"tr","a":{"a":0,"k":[0,0],"ix":1},"s":{"a":0,"k":[100,100],"ix":3},"sk":{"a":0,"k":0,"ix":4},"p":{"a":0,"k":[0,0],"ix":2},"r":{"a":0,"k":0,"ix":6},"sa":{"a":0,"k":0,"ix":5},"o":{"a":0,"k":100,"ix":7}}]}],"ind":47,"parent":4},{"ty":4,"nm":"head","mn":"","sr":1,"st":0,"op":132.5,"ip":0,"hd":false,"cl":"","ln":"","ddd":0,"bm":0,"hasMask":false,"ao":0,"ks":{"a":{"a":0,"k":[0,0,0],"ix":1},"s":{"a":0,"k":[68.966,69.93,100],"ix":6},"sk":{"a":0,"k":0},"p":{"a":0,"k":[42.689,48.194,0],"ix":2},"r":{"a":0,"k":0,"ix":10},"sa":{"a":0,"k":0},"o":{"a":0,"k":100,"ix":11}},"ef":[],"shapes":[{"ty":"gr","bm":0,"cl":"","ln":"","hd":false,"mn":"ADBE Vector Group","nm":"Group 1","ix":1,"cix":2,"np":2,"it":[{"ty":"sh","bm":0,"cl":"","ln":"","hd":false,"mn":"ADBE Vector Shape - Group","nm":"Path 1","ix":1,"d":1,"ks":{"a":0,"k":{"c":true,"i":[[10.799,-32.07],[17.671,-0.654],[9.372,19.876],[0,0],[-32.903,15.242],[10.985,-59.225]],"o":[[-4.151,12.807],[-11.349,0.631],[-9.372,-19.876],[-27.896,-65.811],[41.784,-19.356],[-6.218,32.561]],"v":[[38.907,67.056],[9.291,94.872],[-26.705,67.874],[-52.885,12.897],[-23.269,-81.348],[63.613,-47.642]]},"ix":2}},{"ty":"fl","bm":0,"cl":"","ln":"","hd":false,"mn":"ADBE Vector Graphic - Fill","nm":"Fill 1","c":{"a":0,"k":[0.9882,0.9882,0.9882],"ix":4},"r":1,"o":{"a":0,"k":100,"ix":5}},{"ty":"tr","a":{"a":0,"k":[0,0],"ix":1},"s":{"a":0,"k":[100,100],"ix":3},"sk":{"a":0,"k":0,"ix":4},"p":{"a":0,"k":[0,0],"ix":2},"r":{"a":0,"k":0,"ix":6},"sa":{"a":0,"k":0,"ix":5},"o":{"a":0,"k":100,"ix":7}}]}],"ind":48,"parent":4},{"ty":4,"nm":"neck","mn":"","sr":1,"st":0,"op":132.5,"ip":0,"hd":false,"cl":"","ln":"","ddd":0,"bm":0,"hasMask":false,"ao":0,"ks":{"a":{"a":0,"k":[0,0,0],"ix":1},"s":{"a":0,"k":[227.273,227.273,100],"ix":6},"sk":{"a":0,"k":0},"p":{"a":0,"k":[54.066,-15.307,0],"ix":2},"r":{"a":0,"k":0,"ix":10},"sa":{"a":0,"k":0},"o":{"a":0,"k":100,"ix":11}},"ef":[],"shapes":[{"ty":"gr","bm":0,"cl":"","ln":"","hd":false,"mn":"ADBE Vector Group","nm":"Group 1","ix":1,"cix":2,"np":2,"it":[{"ty":"sh","bm":0,"cl":"","ln":"","hd":false,"mn":"ADBE Vector Shape - Group","nm":"Path 1","ix":1,"d":1,"ks":{"a":0,"k":{"c":true,"i":[[-13.518,1.637],[-2.198,19.111],[2.956,-10.307],[0,0]],"o":[[0,0],[1.729,-14.127],[-6.083,18.216],[8.001,7.767]],"v":[[13.066,44.889],[20.708,-33.384],[3.849,-38.414],[-20.841,34.019]]},"ix":2}},{"ty":"fl","bm":0,"cl":"","ln":"","hd":false,"mn":"ADBE Vector Graphic - Fill","nm":"Fill 1","c":{"a":0,"k":[0.9882,0.9882,0.9882],"ix":4},"r":1,"o":{"a":0,"k":100,"ix":5}},{"ty":"tr","a":{"a":0,"k":[0,0],"ix":1},"s":{"a":0,"k":[100,100],"ix":3},"sk":{"a":0,"k":0,"ix":4},"p":{"a":0,"k":[0,0],"ix":2},"r":{"a":0,"k":0,"ix":6},"sa":{"a":0,"k":0,"ix":5},"o":{"a":0,"k":100,"ix":7}}]}],"ind":49,"parent":5},{"ty":4,"nm":"white_BG","mn":"","sr":1,"st":0,"op":132.5,"ip":0,"hd":false,"cl":"","ln":"","ddd":0,"bm":0,"hasMask":false,"ao":0,"ks":{"a":{"a":0,"k":[0,0,0],"ix":1},"s":{"a":0,"k":[100,100,100],"ix":6},"sk":{"a":0,"k":0},"p":{"s":true,"x":{"a":1,"k":[{"o":{"x":0.167,"y":0.167},"i":{"x":0.833,"y":0.833},"s":[452.302],"t":0},{"o":{"x":0.167,"y":0.167},"i":{"x":0.833,"y":0.833},"s":[452.302],"t":11.006},{"o":{"x":0.167,"y":0.167},"i":{"x":0.833,"y":0.833},"s":[452.302],"t":36.672},{"o":{"x":0.167,"y":0.167},"i":{"x":0.833,"y":0.833},"s":[452.302],"t":44.01953125}],"ix":3},"y":{"a":1,"k":[{"o":{"x":0.167,"y":0.167},"i":{"x":0.667,"y":1},"s":[421.257],"t":0},{"o":{"x":0.333,"y":0},"i":{"x":0.667,"y":1},"s":[422.847],"t":32.998},{"o":{"x":0.333,"y":0},"i":{"x":0.833,"y":0.833},"s":[419.668],"t":109.967},{"o":{"x":0.167,"y":0.167},"i":{"x":0.833,"y":0.833},"s":[421.257],"t":132}],"ix":4}},"r":{"a":0,"k":0,"ix":10},"sa":{"a":0,"k":0},"o":{"a":0,"k":100,"ix":11}},"ef":[],"shapes":[{"ty":"gr","bm":0,"cl":"","ln":"","hd":false,"mn":"ADBE Vector Group","nm":"Group 1","ix":1,"cix":2,"np":2,"it":[{"ty":"sh","bm":0,"cl":"","ln":"","hd":false,"mn":"ADBE Vector Shape - Group","nm":"Path 1","ix":1,"d":1,"ks":{"a":0,"k":{"c":true,"i":[[115.598,-11.044],[-120.016,-100.872],[-111.181,204.69],[64.779,44.41],[61.849,-49.332],[88.355,-31.661]],"o":[[-115.598,11.044],[131.06,111.181],[69.948,-123.698],[-58.94,-40.407],[-61.849,49.332],[-88.355,31.661]],"v":[[-244.127,-41.829],[-325.12,202.621],[341.227,37.691],[321.347,-225.902],[115.184,-216.33],[-26.184,-44.774]]},"ix":2}},{"ty":"fl","bm":0,"cl":"","ln":"","hd":false,"mn":"ADBE Vector Graphic - Fill","nm":"Fill 1","c":{"a":0,"k":[1,0.8902,0.898],"ix":4},"r":1,"o":{"a":0,"k":100,"ix":5}},{"ty":"tr","a":{"a":0,"k":[0,0],"ix":1},"s":{"a":0,"k":[100,100],"ix":3},"sk":{"a":0,"k":0,"ix":4},"p":{"a":0,"k":[0,0],"ix":2},"r":{"a":0,"k":0,"ix":6},"sa":{"a":0,"k":0,"ix":5},"o":{"a":0,"k":100,"ix":7}}]}],"ind":50}],"id":"comp_0"}]}